,X111FC,X111YS,X1122O,X117YW,X117YX,X11DXX,X11DXY,X11DXZ,X11EM3,X11EMC,X11GS4,X11GSP,X11I78,X11LCK,X11O72,X11ONC,X11TT1,X11TUW,X11ZUS,X11ZVC,X1211K,X1212Z,X12584,X12696,X1269C,X12BJ1,X12WSC,X12WSD,X12WSG,X12WSK,X12WSN,X12ZZW,X12ZZY,X12ZZZ,X13112,X1313W,X1314G,X131XE,X131XF,X131XG,X131XH,X132AR,X132NY,X132QS,X1339X,X1399R,X1399S,X1399T,X1399U,X139YR,X13CF2,X13CF3,X13D11,X13FH7,X13FHP,X13FLV,X13FTW,X13FTZ,X13JVG,X13N11,X13N1W,X13NYB,X13NZB,X13O1R,X13O21,X13O3O,X13O3P,X13O61,X13OVG,X13OVL,X13OW5,X13OW6,X13OW8,X13PVQ,X13PVR,X13QBU,X13RTJ,X13S86,X13SLX,X13U4I,X13VXT,X13W3W,X13X6H,X13X6I,X13X6K,X13YAN,X145LV,X145MN,X145MO,X146FH,X146FR,X147F4,X147JS,X148VI,X148VJ,X1497J,X14A5I,X14A6H,X14BIL,X14BIN,X14C38,X14C39,X14C5O,X14DAQ,X14E1K,X14E6C,X14E6D,X14E7W,X14H4A,X14JG1,X14JIY,X14PHX,X14PHY,X14PJ2,X14PJ4,X14PJ6,X14PJM,X14PK6,X14PN3,X14XAO,X15CHC,X15CHQ,X15CHR,X15DDE,X15DYW,X15EOM,X15ER7,X15RIE,X15RJ7,X15RJE,X15SHU,X15SHW,X16BQI,X16MT8,X16NPX,X16XZY,X16YQH,X17F9E,X17F9Y,X17GQL,X17HGU,X17HHY,X17HII,X17JCI,X17KNJ,X17MF6,X18465,X18A66,X18A67,X18A6Q,X18D9B,X18D9U,X1A3MW,X1A3MX,X1A8G6,X1AX8Z,X1AX9I,X1AX9J,X1AX9K,X1AYCT,X1B8KE,X1B8L1,X1B8SG,X1B932,X1B97J,X1B996,X1BAJH,X1C2JI,X1C64O,X1C6VQ,X1CAMS,X1CB4E,X1CB4G,X1CB4I,X1CB4J,X1E1VI,X1EH9U,X1EKGG,X1EMGI,X1EN7A,X1EU9M,X1EWIQ,X1EX96,X1F48J,X1F5PK,X1F6I4,X1F6IF,X1F75I,X1GF9U,X1GF9V,X1GL5R,X1GMR2,X1GMR3,X1GMRU,X1GN1V,X1GN1W,X1GN2E,X1GN73,X1GTWX,X1GZ4I,X1H11D,X1H1CY,X1H1ZS,X1H23P,X1H3NZ,X1HBPH,cell_type_mean,cell_type,method
Monocyte/Macrophage,321119.88,367502.29,280569.88,381428.54,382801.54,356701.53,410012.03,211023.01,324961.88,354844.61,430386.49,431016.28,261074.9,372203.91,449936.11,443800.1,343357.56,359749.35,244724.74,360480.85,332214.51,369399.53,420506.31,329748.69,513932.38,261633.94,160664.48,286518.52,210073.23,273825.08,328796.98,330011.14,340316.6,229016.84,193882.27,554921.24,415186.86,267115.11,259155.67,194737.09,294823.53,276254.59,294857.33,366760.52,354788.92,334143.01,329605.74,448177.39,288386.9,320780.07,418471.91,329976.91,334421.59,312600.59,459751.64,278835.89,318100.26,313233.23,436613.56,334000.86,467941,349281.41,362885.47,428069.99,309187.12,399728.15,407109.26,412346.5,350521.19,272972.98,520334.11,306106.97,485952.52,378519.97,233928.34,315408.75,345657.88,227932.7,307114.12,288590.53,311671.04,368256.57,304763.38,363791.76,543290.46,567678.87,347982.95,248518.13,453029.15,200771.37,312994.34,510517.08,372237.29,331004.19,470393.67,482566.4,596202.52,347754.32,385680.39,474498.7,373401.62,417408.01,519959.51,613298.92,360270.63,509477.21,334874.17,460067.45,254924.76,310857.16,496004.56,295702.09,430727.62,358506.92,442704.9,343228.21,221213.86,374023.74,420918.15,382720.71,307362.13,472919.35,448955.63,244981.22,371871.92,331334.82,377638,260856.9,313735.46,544641.47,390203.74,309166.96,300911.48,466191.69,449673.05,290652.95,264524.19,326650.42,393324.41,214892.3,208130.96,296071.95,65225.91,659336.38,534890.07,507767.25,422374.26,441665.48,335133.68,460887.27,271773.4,205380.47,515570.41,248088.09,399040.59,555438.52,496495.47,266255.01,435542.86,577669.86,242908.19,379142.82,287670.21,206123.25,392779.91,314363.38,379016.13,317597.28,184564.05,293415.16,228638.11,339349.34,340901.36,419643.8,476064.91,132898.53,377338.61,387791.09,249511.34,659270.68,354301.55,460265.13,603632.09,405006.8,394451.76,424356.48,389109.6,400681.95,505391.77,354520.39,369378.29,345348.02,343641.26,229079.07,529555.03,457783.65,639205.4,214914.55,571242.36,371783.01,248794.38,241545.77,514103.32,356769.66,502865.11,444551.88,366756.847281553,Monocyte/Macrophage,nnls
Monocyte,0,0,0,0,0,0,0,0,0,0,0,0,0,0,0,0,0,0,0,0,0,0,0,0,0,0,0,0,0,0,0,0,0,0,0,0,0,0,0,0,0,0,0,0,0,0,0,0,0,0,0,0,0,0,0,0,0,0,0,0,0,0,0,0,0,0,0,0,0,0,0,0,0,0,0,0,0,0,0,0,0,0,0,0,0,0,0,0,0,0,0,0,0,0,0,0,0,0,0,0,0,0,0,0,0,0,0,0,0,0,0,0,0,0,0,0,0,0,0,0,0,0,0,0,0,0,0,0,0,0,0,0,0,0,0,0,0,0,0,0,0,0,0,0,0,0,0,0,0,0,0,0,0,0,0,0,0,0,0,0,0,0,0,0,0,0,0,0,0,0,0,0,0,0,0,0,0,0,0,0,0,0,0,0,0,0,0,0,0,0,0,0,0,0,0,0,0,0,0,0,0,0,0,0,0,0,0,Monocyte,nnls
Endothelial,0,0,0,0,0,0,0,0,0,0,0,0,0,0,0,0,0,0,0,0,0,0,0,0,0,0,0,0,0,0,0,0,0,0,0,0,0,0,0,0,0,0,0,0,0,0,0,0,0,0,0,0,0,0,0,0,0,0,0,0,0,0,0,0,0,0,0,0,0,0,0,0,0,0,0,0,0,0,0,0,0,0,0,0,0,0,0,0,0,0,0,0,0,0,0,0,0,0,0,0,0,0,0,0,0,0,0,0,0,0,0,0,0,0,0,0,0,0,0,0,0,0,0,0,0,0,0,0,0,0,0,0,0,0,0,0,0,0,0,0,0,0,0,0,0,0,0,0,0,0,0,0,0,0,0,0,0,0,0,0,0,0,0,0,0,0,0,0,0,0,0,0,0,0,0,0,0,0,0,0,0,0,0,0,0,0,0,0,0,0,0,0,0,0,0,0,0,0,0,0,0,0,0,0,0,0,0,Endothelial,nnls
Dendritic cell,0,0,0,0,0,0,0,0,0,0,0,0,0,0,0,0,0,0,0,0,0,0,0,0,0,0,0,0,0,0,0,0,0,0,0,0,0,0,0,0,0,0,0,0,0,0,0,0,0,0,0,0,0,0,0,0,0,0,0,0,0,0,0,0,0,0,0,0,0,0,0,0,0,0,0,0,0,0,0,0,0,0,0,0,0,0,0,0,0,0,0,0,0,0,0,0,0,0,0,0,0,0,0,0,0,0,0,0,0,0,0,0,0,0,0,0,0,0,0,0,0,0,0,0,0,0,0,0,0,0,0,0,0,0,0,0,0,0,0,0,0,0,0,0,0,0,0,0,0,0,0,0,0,0,0,0,0,0,0,0,0,0,0,0,0,0,0,0,0,0,0,0,0,0,0,0,0,0,0,0,0,0,0,0,0,0,0,0,0,0,0,0,0,0,0,0,0,0,0,0,0,0,0,0,0,0,0,Dendritic cell,nnls
Proliferating NK cell,0,0,0,0,0,0,0,0,0,0,0,0,0,0,0,0,0,0,0,0,0,0,0,0,0,0,0,0,0,0,0,0,0,0,0,0,0,0,0,0,0,0,0,0,0,0,0,0,0,0,0,0,0,0,0,0,0,0,0,0,0,0,0,0,0,0,0,0,0,0,0,0,0,0,0,0,0,0,0,0,0,0,0,0,0,0,0,0,0,0,0,0,0,0,0,0,0,0,0,0,0,0,0,0,0,0,0,0,0,0,0,0,0,0,0,0,0,0,0,0,0,0,0,0,0,0,0,0,0,0,0,0,0,0,0,0,0,0,0,0,0,0,0,0,0,0,0,0,0,0,0,0,0,0,0,0,0,0,0,0,0,0,0,0,0,0,0,0,0,0,0,0,0,0,0,0,0,0,0,0,0,0,0,0,0,0,0,0,0,0,0,0,0,0,0,0,0,0,0,0,0,0,0,0,0,0,0,Proliferating NK cell,nnls
NK cell,285896.25,368461.24,273013.32,437516.97,376654.99,361297.72,545472.91,172368.01,255551.19,368088.21,438158.89,574899.11,197745.03,351273.1,410814.48,463469.79,338995.55,291576.3,194349.55,414243.97,278034.5,378856.5,421751.19,245358.28,733267.92,243826.47,122287.04,246711.06,171781.08,177647.64,303671.71,329085.57,440183.33,289036.68,173505.01,652490.81,384684.05,232218.43,211014.07,146224.79,366853.9,292279.17,173896.13,303077.17,306957.83,371417.69,311230.27,597814.88,294105.01,301335.32,563205.21,242395.75,324352.22,272546.35,547998.22,220898.67,261076.77,394385.45,598603.45,315952.66,442294.21,630136.76,324000.84,280944.57,307367.68,439483.5,503845.24,363020.79,324127.82,191549.71,650865.72,360473.11,579679.44,356672.16,260441.84,253155.31,372841.15,177868.3,230477.78,248167.12,342010.06,262005,291757.92,313094.25,533005.22,728292.55,383578.66,131863.23,464661.26,137636.82,301069.82,656846.28,467908.94,344341.47,549653.25,383961.85,782892.73,209775.53,526859.33,653871.76,305917.22,545093.84,667675.5,622444.46,333773.21,424510.21,418439.74,604181.06,276406.36,308019.2,759142.1,273254.79,402891.3,437617.49,372207.55,350061.03,0,383340.38,406897.18,153439.41,288184.58,627999.04,495544,390244.64,475859.65,229480.21,432411.79,190593.26,299377.99,642496.85,488774.85,536476.76,268279.16,577685.39,483786.44,292881.29,234475.99,344923.21,394892.62,117711.77,158515.67,357156.26,0,805686.69,467412.1,537209.08,565308.07,0,284864.07,522068.17,194744.6,161120.26,469009.89,164109.83,542807.62,347134.27,550375.07,219991.53,463991.77,543966.82,201790.82,530598.51,282425.66,149468.03,347270.52,282750.4,437496.73,315757,212364.41,378254.66,189149.73,324942.91,379894.9,369402.5,314892.27,262779.63,535362.59,492915.71,160475.34,870042.39,213951.3,617087.29,873042.54,444039.77,423857.48,388136.89,391827.68,379277.99,472862.19,350180.63,404793.25,436797.96,216109.83,17911.85,720348.29,322914.03,813603.67,187845.11,449020.48,280970.6,176841.75,358493.09,539682.14,354904.25,699164.4,361031.5,375096.882378641,NK cell,nnls
Stellate/Fibroblast,486952.47,453348.36,434054.96,372006.63,476352.41,453895.68,297746.94,407138.69,627217.89,424732.37,400835.73,383845.46,524154.59,524131.3,588586.52,444141.81,603800.68,502848.15,417265.12,353740.83,547052.78,424286.71,387243.19,493059.75,425937.76,389681.45,411425.87,462265.84,431584.26,726174.36,464956.06,374314.24,307087.39,415102.11,458018.34,822459.19,463143.76,492010.88,466497.66,483020.9,297312.23,489505.82,540740.49,640446.82,516863.74,453713.24,455150.83,262181,403212.08,377069.07,377219.37,597512.46,514926.37,599588.79,256828.7,475216.27,437006.25,355982.9,325048.82,472797.37,429472.68,274352.57,527041.57,539865.28,423642.99,377151.65,388111.03,654832.38,479017,517960.43,354967.8,379982.02,419732.52,436832.15,354234.26,563997.03,308296.28,358413.26,625530.73,498886.29,597659.66,671601.39,457894.48,431194.33,679436.52,359714.46,351070.71,665130.84,435571.17,482068.67,526385.16,345035.39,381662.51,311923.42,305364.97,420570.92,297513.93,620395.49,254583.57,249610.03,452208.09,289539.58,318004.82,653076,649694.37,539293.66,230812.86,277277.39,505125.92,459570.83,301016.23,393216.35,509195.7,368421.54,639239.38,508358.94,1190326.29,569812.25,525538.64,725749.22,554632.81,263232.91,551027.2,596601.71,279644.08,533058.63,544623.24,504356.22,569915.75,534909.84,286433.12,215989.43,450073.41,281127.2,527935.01,447313.74,489865.64,345978.76,275983.49,590523.61,369553.02,294302.9,687440.91,462266.43,998916.39,523044.79,333119.84,1015360.85,635791.72,589540.8,483383.5,334057.19,604951.03,475317.78,272159.62,910357.36,425489.23,430324.98,613539.34,766606.8,389420.48,425724.58,300336.39,385689.53,583124.58,493545.56,525021.4,376482.14,337537.22,279160.62,388927.44,555737.01,526765.13,712152.97,737451.39,458513.37,295561.61,271235.2,425594.57,501786.04,674204.41,313620.56,408177.07,377702.43,693704.77,562739.11,463365.89,623706.73,693405.77,507452.25,524432.88,574927.28,579103.98,804948.34,602905.38,1016163.78,511457.64,414555.04,595274.04,673059.7,555964.43,330292.2,400623.62,368342.16,347970.5,681015.86,478981.84776699,Stellate/Fibroblast,nnls
Hepatocyte,0,0,0,0,0,0,0,0,0,0,0,0,0,0,0,0,0,0,0,0,0,0,0,0,0,0,0,0,0,0,0,0,0,0,0,0,0,0,0,0,0,0,0,0,0,0,0,0,0,0,0,0,0,0,0,0,0,0,0,0,0,0,0,0,0,0,0,0,0,0,0,0,0,0,0,0,0,0,0,0,0,0,0,0,0,0,0,0,0,0,0,0,0,0,0,0,0,0,0,0,0,0,0,0,0,0,0,0,0,0,0,0,0,0,0,0,0,0,0,0,0,0,0,0,0,0,0,0,0,0,0,0,0,0,0,0,0,0,0,0,0,0,0,0,0,0,0,0,0,0,0,0,0,0,0,0,0,0,0,0,0,0,0,0,0,0,0,0,0,0,0,0,0,0,0,0,0,0,0,0,0,0,0,0,0,0,0,0,0,0,0,0,0,0,0,0,0,0,0,0,0,0,0,0,0,0,0,Hepatocyte,nnls
Macrophage,0,0,0,0,0,0,0,0,0,0,0,0,0,0,0,0,0,0,0,0,0,0,0,0,0,0,0,0,0,0,0,0,0,0,0,0,0,0,0,0,0,0,0,0,0,0,0,0,0,0,0,0,0,0,0,0,0,0,0,0,0,0,0,0,0,0,0,0,0,0,0,0,0,0,0,0,0,0,0,0,0,0,0,0,0,0,0,0,0,0,0,0,0,0,0,0,0,0,0,0,0,0,0,0,0,0,0,0,0,0,0,0,0,0,0,0,0,0,0,0,0,0,0,0,0,0,0,0,0,0,0,0,0,0,0,0,0,0,0,0,0,0,0,0,3187.55,0,0,0,0,0,0,0,0,0,0,0,0,0,0,0,0,0,0,0,0,0,0,0,0,0,0,0,0,0,0,0,0,0,0,0,0,0,0,0,0,0,0,0,0,0,0,0,0,0,0,0,0,0,0,0,0,0,0,0,0,0,15.4735436893204,Macrophage,nnls
BECS,0,0,0,0,0,0,0,0,0,0,0,0,0,0,0,0,0,0,0,0,0,0,0,0,0,0,0,0,0,0,0,0,0,0,0,0,0,0,0,0,0,0,0,0,0,0,0,0,0,0,0,0,0,0,0,0,0,0,0,0,0,0,0,0,0,0,0,0,0,0,0,0,0,0,0,0,0,0,0,0,0,0,0,0,0,0,0,0,0,0,0,0,0,0,0,0,0,0,0,0,0,0,0,0,0,0,0,0,0,0,0,0,0,0,0,0,0,0,0,0,0,0,0,0,0,0,0,0,0,0,0,0,0,0,0,0,0,0,0,0,0,0,0,0,0,0,0,0,0,0,0,0,0,0,0,0,0,0,0,0,0,0,0,0,0,0,0,0,0,0,0,0,0,0,0,0,0,0,0,0,0,0,0,0,0,0,0,0,0,0,0,0,0,0,0,0,0,0,0,0,0,0,0,0,0,0,0,BECS,nnls
T cell,0,0,0,0,0,0,0,0,0,0,0,0,0,0,0,0,0,0,0,0,0,0,0,0,0,0,0,0,0,0,0,0,0,0,0,0,0,0,0,0,0,0,0,0,0,0,0,0,0,0,0,0,0,0,0,0,0,0,0,0,0,0,0,0,0,0,0,0,0,0,0,0,0,0,0,0,0,0,0,0,0,0,0,0,0,0,0,0,0,0,0,0,0,0,0,0,0,0,0,0,0,0,0,0,0,0,0,0,0,0,0,0,0,0,0,0,0,0,0,0,0,0,0,0,0,0,0,0,0,0,0,0,0,0,0,0,0,0,0,0,0,0,0,0,0,0,0,0,0,0,0,0,0,0,0,0,0,0,0,0,0,0,0,0,0,0,0,0,0,0,0,0,0,0,0,0,0,0,0,0,0,0,0,0,0,0,0,0,0,0,0,0,0,0,0,0,0,0,0,0,0,0,0,0,0,0,0,T cell,nnls
Neutrophil,3715616.14,3970149.18,3141399.81,5785429.39,4112448.55,4080317.32,7234057.02,1988341.67,2628826.65,5100121.97,5341897.83,7222686.1,2525564.73,3796492.96,7146437.41,5957668.67,4753303.46,4104953.23,2555131.29,5172844.82,3206452.76,4817685.89,4812364.94,2599245.53,10228688.02,2859928.23,2391549.22,3045918.83,3506528.18,2785374.25,3383009.2,4699793.7,5867292.34,5253573.72,3330212.53,10237891.74,4465866.57,3609123.68,2562324.23,2054319.33,4980808.53,4634093.51,2242347.41,3654271.12,3760593.91,4533170.4,3702329.88,7034588.28,3373860.45,3430187.78,7314005.05,3015930.81,3949798.86,3649156.79,6380486.13,2963211.08,3106485.33,6155083.96,7839437.33,3615253.6,5361368.81,9068891.9,4236471.7,3987685.23,3513066.69,4929934.09,6598735.83,4365280.84,3417056.65,2333364.77,8263326.1,4746905.76,7523197.98,4593793.41,3056924.28,3255108.51,4361725.36,2454341.87,3430341.23,2679167.62,4128016.67,2863613.47,3388165.14,4490999.56,7917598.45,8303915.61,4230059.17,2090366.64,5467324.35,2621429.2,3654351.18,7959440.17,6429679.07,4060943.31,6532514.03,4187373.6,9487845.91,2799540.22,6555808.52,8137347.73,4595241.39,6950926.75,7745746.66,8105421.11,4353428.89,4702706.79,5697909.54,7250525.35,3755623.07,4195519.76,9984968.47,2905532.89,4157817.45,6630604.74,4639834.48,3972130.2,1844817.97,4644062.66,4453003.78,1875069.55,3550940.48,8608838,5673120.02,7145396.35,5646712.79,2689211.16,5929075.88,2352946.63,3759222.91,8235385.92,6021444.32,8050957.38,2929711.56,6672954.17,6364981.54,3357225.74,3711809.29,3943776.94,5179590.33,1377807.26,2208407.01,4650800.08,936775.86,9160702.55,5804800.07,6668106.83,7151975.44,932904,3718883.08,7248773.85,2463675.64,1914177.38,6903010.25,3281726.56,7291328.75,4218067.78,6422842.82,2311016.28,5615682.74,5738375.27,2287483.6,7343605.76,3547290.96,1908014.17,4001571.17,3679506.14,6067092.61,3501321.33,2919739.48,5185118.39,2387528,3689503.11,5940488.75,4196791.38,3923238.23,6583934.52,6884553.81,6236915.82,2025809.78,10944850.97,3177741.08,7792320.8,11781938.56,5426292.76,5283470.53,4999574.37,5630723.92,4262562.14,5333475.99,5869193.97,4794363.58,5588350.24,2878447.48,1572985.94,12413962.42,4183683.58,11093991.76,3404236.72,5272582.12,4001412.89,2157505.56,5952238.29,5963746.48,4360186.26,8946001.9,4960472.74,4861790.31262136,Neutrophil,nnls
Plasma,656617.44,671232.79,531092.69,965184.86,670665.69,692957.24,1208284.86,373439.11,480981.02,936636.06,864705.42,1189825.45,429588.82,669562.37,1171743.17,1140425.55,856194.8,717813.05,477680.01,893565.16,548908.32,790599.45,820039.86,479236.85,1740393.83,476100.51,462501.52,549271.38,654678.1,437511.43,628331.85,822710.38,1038085.7,949655.98,627299.11,1846009.93,819045.25,675017.97,407517.66,358465.62,820067.38,909729.48,459261.05,643177.59,642509.75,803666.48,646102.8,1174692.52,571264.62,559198.27,1263585.84,561876.98,685064.53,644255.8,1018873.79,541192.44,511189,1047860.95,1294987.08,624139.41,856381.88,1520383.01,760296.38,706466.3,578480.66,878214.17,1133183.39,756651.64,595941,475599.97,1359435.74,806987.3,1256284.47,782248.72,530996.13,586333.22,779979.28,427555.09,650741.74,509322.6,699439.47,551821.98,611768.07,788063.57,1372714.31,1384956.77,725714.41,347179.56,913881.02,513353.18,633837.72,1347917.52,1056788.25,698267.07,1041625.48,628117.45,1522792.42,587893.4,1104588.66,1363600.76,819733.96,1137781.75,1321212.95,1399074.16,812306.62,827499.05,957231.53,1190242.38,632326.74,796455.48,1695986.31,503516.06,720505.79,1137534.68,784761.19,691018.55,186657.23,818659.12,776215,375974.72,634912.68,1422977.18,961352.13,1275639.58,951271.66,508647.35,1000622.1,399907.45,656352,1377547.2,1011343.98,1380927.51,538510.42,1107258.73,1149860.08,587359.48,645302.7,677826.56,788075.87,238430.39,395880.39,789154.06,177617.84,1518768.48,1036029.59,1181312.35,1189886.7,118762.52,659586.77,1263997.68,443628.66,329132.94,1203259.54,544475.25,1216922.06,792706.28,1088295.29,409299.45,967654.61,1001456.27,384652.5,1274750.48,583677.57,358602.87,647971.09,640620.56,1043852.82,599970.82,510590.95,845030.58,418311.71,669163.01,1027307.21,751522.03,741701.06,1213928.65,1191039.46,1033394.66,356600.77,1809580.75,598230.51,1313600.6,1976235.21,952607.82,918808.67,926075.55,916166.97,742820.81,966739.84,991269.01,785712.81,965666.72,514456.12,207655.01,2072311.7,710510.71,1816383.96,655704.86,915849.05,748208.47,369336.49,989190.73,1019993.62,763639.9,1499694.67,913275.2,837753.084417476,Plasma,nnls
Sorted Myeloid,0,0,0,0,0,0,0,0,0,0,0,0,0,0,0,0,0,0,0,0,0,0,0,0,0,0,0,0,0,0,0,0,0,0,0,0,0,0,0,0,0,0,0,0,0,0,0,0,0,0,0,0,0,0,0,0,0,0,0,0,0,0,0,0,0,0,0,0,0,0,0,0,0,0,0,0,0,0,0,0,0,0,0,0,0,0,0,0,0,0,0,0,0,0,0,0,0,0,0,0,0,0,0,0,0,0,0,0,0,0,0,0,0,0,0,0,0,0,0,0,0,0,0,0,0,0,0,0,0,0,0,0,0,0,0,0,0,0,0,0,0,0,150179.72,0,0,0,0,0,0,0,0,0,0,0,0,0,0,0,0,0,0,0,0,0,0,0,0,0,0,0,0,0,0,0,0,0,0,0,0,0,0,0,0,0,0,0,0,0,0,0,0,0,0,0,0,0,0,0,0,0,0,0,0,0,0,0,729.027766990291,Sorted Myeloid,nnls
Erythrocyte,0,0,0,0,0,0,0,0,0,0,0,0,0,0,0,0,0,0,0,0,0,0,0,0,0,0,0,0,0,0,0,0,0,0,0,0,0,0,0,0,0,0,0,0,0,0,0,0,0,0,0,0,0,0,0,0,0,0,0,0,0,0,0,0,0,0,0,0,0,0,0,0,0,0,0,0,0,0,0,0,0,0,0,0,0,0,0,0,0,0,0,0,0,0,0,0,0,0,0,0,0,0,0,0,0,0,0,0,0,0,0,0,0,0,0,0,0,0,0,0,0,0,0,0,0,0,0,0,0,0,0,0,0,0,0,0,0,0,0,0,0,0,2844.64,0,0,0,0,0,0,0,0,0,0,0,0,0,0,0,0,0,0,0,0,0,0,0,0,0,0,0,0,0,0,0,0,0,0,0,0,0,0,0,0,0,0,0,0,0,0,0,0,0,0,0,0,0,0,0,0,0,0,0,0,0,0,0,13.808932038835,Erythrocyte,nnls
Endothelial/Kuppfer,0,0,0,0,0,0,0,0,0,0,0,0,0,0,0,0,0,0,0,0,0,0,0,0,0,0,0,0,0,0,0,0,0,0,0,0,0,0,0,0,0,0,0,0,0,0,0,0,0,0,0,0,0,0,0,0,0,0,0,0,0,0,0,0,0,0,0,0,0,0,0,0,0,0,0,0,0,0,0,0,0,0,0,0,0,0,0,0,0,0,0,0,0,0,0,0,0,0,0,0,0,0,0,0,0,0,0,0,0,0,0,0,0,0,0,0,0,0,0,0,0,0,0,0,0,0,0,0,0,0,0,0,0,0,0,0,0,0,0,0,0,0,0,0,0,0,0,0,0,0,0,0,0,0,0,0,0,0,0,0,0,0,0,0,0,0,0,0,0,0,0,0,0,0,0,0,0,0,0,0,0,0,0,0,0,0,0,0,0,0,0,0,0,0,0,0,0,0,0,0,0,0,0,0,0,0,0,Endothelial/Kuppfer,nnls
others,0,0,0,0,0,0,0,0,0,0,0,0,0,0,0,0,0,0,0,0,0,0,0,0,0,0,0,0,0,0,0,0,0,0,0,0,0,0,0,0,0,0,0,0,0,0,0,0,0,0,0,0,0,0,0,0,0,0,0,0,0,0,0,0,0,0,0,0,0,0,0,0,0,0,0,0,0,0,0,0,0,0,0,0,0,0,0,0,0,0,0,0,0,0,0,0,0,0,0,0,0,0,0,0,0,0,0,0,0,0,0,0,0,0,0,0,0,0,0,0,0,0,0,0,0,0,0,0,0,0,0,0,0,0,0,0,0,0,0,0,0,0,0,0,0,0,0,0,0,0,0,0,0,0,0,0,0,0,0,0,0,0,0,0,0,0,0,0,0,0,0,0,0,0,0,0,0,0,0,0,0,0,0,0,0,0,0,0,0,0,0,0,0,0,0,0,0,0,0,0,0,0,0,0,0,0,0,others,nnls
Monocyte/Macrophage1,6.88,6.94,6.88,6.59,6.96,6.81,6.43,6.96,7.11,6.57,6.86,6.38,6.89,6.9,6.26,6.63,6.21,6.62,7.01,6.64,7.01,6.71,6.93,7.4,6.13,6.88,6.03,6.9,5.88,6.84,6.88,6.45,6.43,5.87,6.1,6.23,7.02,6.43,6.94,6.4,6.29,5.87,7.43,6.94,6.89,6.59,6.82,6.5,6.73,6.94,6.35,7.01,6.72,6.61,6.72,6.91,7.11,6.21,6.23,6.93,6.93,5.85,6.89,7.02,6.87,6.82,6.38,6.89,7.01,7.22,6.48,6.54,6.52,6.76,6.64,6.86,6.8,6.53,6.83,6.96,6.61,7.33,6.91,6.72,6.55,6.58,6.86,7.07,6.87,6.17,6.73,6.5,6.37,6.88,6.66,7.44,6.55,7.38,6.34,6.42,6.76,6.45,6.53,6.69,6.5,7.22,6.45,6.47,6.22,6.67,6.19,7.06,7.07,6.11,6.88,6.81,6.96,6.59,6.92,7.69,6.73,6.36,6.7,5.55,6.5,7.09,6.25,7.01,6.67,6.49,6.52,5.78,7.03,6.65,6.66,6.76,6.38,6.82,6.83,7.32,6.95,6.39,6.85,6.61,6.66,6.69,6.4,9.51,6.57,6.42,7.04,7.04,6.58,6.25,6.31,7.4,6.77,7.14,6.67,6.99,7.04,6.11,6.87,6.77,7.04,6.62,6.44,6.92,6.27,6.2,6.82,6.84,6.27,6.94,7.38,5.06,6.29,6.46,7.2,6.41,7.07,6.41,6.24,6.73,6.51,6.88,6.64,6.89,6.88,6.26,6.63,6.27,7.18,6.88,5.94,6.91,6.33,6.22,7.17,6.75,7.08,5.84,6.93,6.77,6.31,6.92,6.6878640776699,Monocyte/Macrophage,DCQ
Monocyte1,6.64,6.55,6.47,6.24,6.51,6.39,6.04,6.58,6.64,6.28,6.48,5.84,6.47,6.48,5.9,6.29,5.81,6.36,6.81,6.32,6.6,6.3,6.61,7.19,5.67,6.44,5.76,6.61,5.5,6.24,6.37,6.15,6.08,5.53,5.88,5.91,6.77,6.1,6.5,6.09,5.79,5.24,7.28,6.57,6.49,6.08,6.42,6,6.21,6.44,5.9,6.65,6.23,6.29,6.29,6.61,6.74,5.81,5.66,6.54,6.53,5.32,6.68,6.78,6.44,6.46,6,6.44,6.6,7.01,6.01,6.2,6.13,6.36,6.2,6.49,6.49,5.97,6.64,6.41,6.2,6.99,6.56,6.46,6.2,6.1,6.49,6.64,6.57,5.78,6.32,6.07,5.92,6.6,6.21,7.05,6.1,7.23,5.75,5.96,6.52,6.01,6.05,6.37,5.94,6.97,6.03,5.94,5.81,6.42,5.68,6.71,6.73,5.66,6.43,6.32,6.52,6.06,6.43,7.63,6.31,5.9,6.17,5.05,5.98,6.81,5.82,6.55,6.22,6.1,6.07,5.21,6.77,6.21,6.38,6.31,6.03,6.44,6.42,6.72,6.69,5.93,6.69,6.09,6.01,6.32,5.91,9.01,6.11,6.08,6.8,6.59,6.35,5.89,5.84,7.08,6.4,6.77,6.26,6.49,6.66,5.64,6.61,6.45,6.71,6.3,6.12,6.52,5.95,5.64,6.51,6.46,5.93,6.64,7.23,4.52,5.83,5.93,6.86,5.93,6.74,5.95,5.76,6.43,6.03,6.64,6.3,6.51,6.49,5.86,6.17,5.79,6.88,6.52,5.48,6.47,5.82,5.82,6.79,6.54,6.54,5.34,6.59,6.46,5.81,6.68,6.29543689320388,Monocyte,DCQ
Endothelial1,3.42,2.96,3.13,2.9,2.85,2.85,2.35,3.46,4.14,2.94,2.8,2.45,4.02,3.16,3.03,2.64,3.2,3.72,3.14,2.64,3.78,2.94,3.15,3.62,2.35,3.21,4.29,3.54,3.34,3.98,3.11,3.18,2.49,2.9,3.37,2.72,3.26,3.49,3.8,4.77,2.54,3.31,3.73,3.69,3.41,2.75,3.25,2.16,2.98,2.87,2.28,4.04,3.31,3.53,2.34,3.48,3.24,2.41,2.18,3.21,3.01,2.11,3.2,3.97,2.95,2.47,2.61,3.27,3.21,3.57,2.35,2.68,2.71,2.96,2.77,3.63,2.58,3.9,3.62,3.52,2.76,3.88,3.19,3.29,2.97,2.21,2.5,4.45,2.88,4.17,3.18,2.29,2.53,2.67,2.59,3.09,2.09,3.74,2.18,2.12,3.24,2.35,2.25,2.95,3.14,3.48,2.29,2.23,3.22,2.96,2.08,2.99,3.18,2.72,3.49,2.96,5.2,3.12,2.78,5.4,3.1,2.19,2.68,3.14,2.29,4.23,2.96,4.04,3.24,2.85,2.38,1.99,3.41,2.24,2.87,3.03,3.14,2.78,2.54,4.83,3.61,2.75,6.66,2.32,3.67,2.98,2.29,8.45,3.56,2.98,4.06,3.55,3.24,3.97,2.18,4.55,2.59,3.6,2.74,3,3.86,2.54,3.05,4.68,3.41,3.82,2.76,2.77,3.02,2.55,3.84,3.1,2.86,3.24,3.79,2.38,2.32,2.27,4.43,2.42,4.01,2.34,2.24,2.81,2.93,3.06,3,3.25,3.24,3.04,3.04,2.7,4.04,6.01,2.4,4.21,2.47,3.33,3.62,3.81,3.61,2.56,2.57,3.07,2.31,3.18,3.15699029126214,Endothelial,DCQ
Dendritic cell1,1.59,1.29,1.32,1.3,1.13,1.23,1.16,1.12,1.75,1.51,1.34,1.05,1.24,1.22,1.12,1.5,1.27,1.51,1.38,1.37,1.41,1.28,1.47,1.6,1.08,1.15,1.43,1.63,0.93,0.75,1.35,1.45,1.32,1.17,1.56,1.3,1.65,1.41,0.97,1.29,1.02,1.23,1.66,1.39,1.25,1.23,1.32,1.05,1.11,1.08,1.16,1.42,1.25,1.34,1.09,1.57,1.33,1.13,0.92,1.25,1.29,0.89,1.57,1.74,1.07,1.31,1.25,1.17,1.27,1.54,1.1,1.29,1.3,1.37,1.24,1.32,1.37,1.31,1.7,1.47,1.05,1.7,1.49,1.46,1.36,1.02,1.29,1.13,1.4,1.31,1.14,1.17,1.16,1.29,1.06,0.94,1.01,1.84,0.99,1.07,1.51,1.11,1.13,1.44,1.08,1.6,1.1,0.98,1.17,1.63,1.03,1.29,1.38,1.18,1.15,1.2,1.62,1.31,1.15,2.66,1.3,1,1.16,0.96,1.06,1.79,1.19,1.52,1.17,1.17,1.14,0.8,1.59,1.14,1.45,1.23,1.52,1.28,0.92,0.45,1.46,1.1,2.17,1.09,1.14,1.38,1.06,2.16,1.35,1.41,1.63,1.15,1.44,1.2,1.02,1.84,1.25,1.28,1.22,1.15,1.35,1.1,1.4,1.61,1.29,1.45,1.37,1.19,1.28,0.94,1.34,1.42,1.22,1.36,1.71,0.77,1.16,1.04,1.67,1.12,1.7,1.11,1.08,1.43,1.13,1.64,1.31,1.31,1.52,1.24,1.17,1.03,1.76,1.74,0.88,1.47,1.04,1.39,1.55,1.58,0.96,0.94,1.29,1.43,1.04,1.72,1.2968932038835,Dendritic cell,DCQ
Proliferating NK cell1,0.28,0.21,0.21,0.22,0.16,0.14,0.16,0,0.32,0.22,0.24,0.01,0.07,0.05,0,0.09,0,0.21,0.19,0.24,0.23,0.12,0.29,0.29,0.04,0.09,0,0.15,0,0,0.05,0.13,0.19,0,0.03,0.09,0.33,0.04,0,0.02,0,0,0.13,0.1,0.07,0.08,0.16,0.12,0.01,0.11,0.08,0.04,0.11,0.04,0.23,0.09,0.2,0.03,0,0.18,0.15,0,0.24,0.37,0.14,0.22,0.13,0.05,0.13,0.03,0.08,0.16,0.17,0.11,0.12,0.09,0.25,0.05,0.21,0.01,0,0.14,0.25,0.24,0.11,0.11,0.26,0,0.26,0,0,0.14,0.07,0.28,0.14,0.12,0.16,0.22,0,0.13,0.14,0.13,0.14,0.22,0,0.35,0.11,0.06,0.03,0.26,0.03,0.18,0.26,0,0.07,0.08,0,0.1,0.07,0.78,0.06,0.05,0.12,0,0.05,0.16,0.04,0.19,0.02,0.13,0.12,0,0.27,0.18,0.24,0.02,0.1,0.23,0.11,0,0.18,0.02,0,0.07,0,0.15,0.07,0,0.1,0.19,0.17,0,0.25,0,0.04,0.27,0.22,0.03,0.05,0.08,0.19,0,0.28,0.19,0.22,0.14,0.19,0.18,0.05,0,0.13,0.1,0.09,0.08,0.3,0,0.06,0.05,0.09,0.08,0,0.1,0.06,0.25,0,0.3,0.14,0.17,0.21,0.01,0.12,0.01,0.11,0,0,0.16,0.02,0,0.21,0.11,0,0,0.28,0.2,0.03,0.21,0.118155339805825,Proliferating NK cell,DCQ
NK cell1,8.23,8.65,8.48,8.21,8.6,8.55,8.24,8.43,8.61,8.15,8.36,8.36,8.15,8.64,7.59,8.4,8.01,7.95,8.26,8.36,8.4,8.27,8.5,8.6,8.12,8.43,7.44,8.3,7.31,7.71,8.59,8.01,8.26,7.62,7.61,7.92,8.49,7.9,8.21,7.86,8.13,7.83,8.25,8.34,8.33,8.42,8.41,8.54,8.51,8.5,8.32,8.28,8.35,8.12,8.5,8.18,8.37,7.92,8.24,8.51,8.34,8.05,8.25,7.93,8.51,8.63,8.23,8.4,8.69,8.42,8.32,8.26,8.24,8.23,8.5,8.22,8.53,7.96,8.02,8.62,8.45,8.56,8.51,8.01,7.99,8.6,8.66,7.67,8.44,7.5,8.39,8.45,8.15,8.48,8.42,8.55,8.44,8.22,8.41,8.4,7.96,8.31,8.56,8.22,8.2,8.51,8.2,8.46,8.07,8.22,8.29,8.68,8.72,7.91,8.27,8.56,6.06,8.38,8.65,7.98,8.37,8.17,8.54,7.54,8.51,8.29,8.08,8.2,8.31,8.25,8.4,7.94,8.59,8.55,8.27,8.53,7.82,8.53,8.18,7.7,8.1,8.26,4.54,8.6,8.24,8.36,8.35,5.92,8.12,8.11,8.22,8.36,7.93,7.28,8.22,8.26,8.51,8.64,8.43,8.72,8.41,8.14,8.27,8.05,8.42,8.11,8.13,8.61,8.11,8.09,8.2,8.54,7.88,8.52,8.3,7.02,8.34,8.35,8.11,8.34,7.94,8.36,8.21,8.4,8.33,8.3,8.02,8.53,8.52,7.71,8.4,8.3,8.05,6.4,7.65,8.12,8.15,7.7,8.39,8.01,8.24,7.72,8.62,8.34,8.32,8.15,8.20121359223301,NK cell,DCQ
Stellate/Fibroblast1,8.89,8.42,9.19,6.75,8.47,8.35,5.95,11.18,11.87,7.36,7.15,6.38,11.13,9.17,7.26,7.2,8.76,8.46,9.93,6.91,10.03,7.57,7.26,10.53,5.92,9.1,9.98,9.45,8.5,13.12,9.14,7.2,6.37,7.2,9.17,7.29,8,9.03,10.42,11.74,6.54,7.99,11.98,10.22,9.1,7.97,8.63,5.87,8.6,8.28,6.34,10.81,8.87,9.92,5.95,9.78,9.2,6.54,5.93,8.91,7.27,5.46,8.69,8.82,8.62,7.22,6.55,9.53,9.23,11.57,6.01,7.35,6.44,7.76,8.53,10.17,7.01,9.11,10.45,10.56,9.56,11.86,9.06,7.71,7.47,6.07,7.48,14.51,7.28,10.33,9.38,6.06,6.62,7.21,6.11,7.95,5.63,11.42,5.87,5.6,7.83,5.98,5.99,7.25,9.5,8.3,5.96,5.84,9.02,8.26,5.54,9.1,8.62,6.37,9.07,8.86,22.15,8.66,8.57,14.39,9.78,5.53,7.88,7.28,6.27,10.62,7.61,11.27,9.61,6.71,6.19,5.3,9.56,6.03,7.39,9.03,8.93,7.54,6.35,17.78,9.97,6.7,20.5,6.32,10.08,7.19,6.15,23.79,10.08,7.32,10.73,10.21,7.43,9.14,5.8,11.01,6.86,10.5,8.31,9.04,9.95,6.5,7.42,10.6,9.33,8.85,7.53,8.23,8.45,6.36,9.75,9.57,7.55,10.15,10.47,6.84,6.02,6.06,10.96,6.1,11.17,5.93,5.7,6.94,9.02,8.34,7.36,9.4,8.86,7.44,8.2,8.07,10.74,18.55,6.11,12.16,6.09,8.54,8.23,9.87,12.91,6.39,6.9,7.38,5.84,9.1,8.61038834951456,Stellate/Fibroblast,DCQ
Hepatocyte1,0,0,0,0,0,0,0,0,0,0,0,0,0,0,0,0,0,0,0,0,0,0,0,0,0,0,0,0,0,0,0,0,0,0,0,0,0,0,0,0,0,0,0,0,0,0,0,0,0,0,0,0,0,0,0,0,0,0,0,0,0,0,0,0,0,0,0,0,0,0,0,0,0,0,0,0,0,0,0,0,0,0,0,0,0,0,0,0,0,0,0,0,0,0,0,0,0,0,0,0,0,0,0,0,0,0,0,0,0,0,0,0,0,0,0,0,0,0,0,0,0,0,0,0,0,0,0,0,0,0,0,0,0,0,0,0,0,0,0,0,0,0,0,0,0,0,0,0,0,0,0,0,0,0,0,0,0,0,0,0,0,0,0,0,0,0,0,0,0,0,0,0,0,0,0,0,0,0,0,0,0,0,0,0,0,0,0,0,0,0,0,0,0,0,0,0,0,0,0,0,0,0,0,0,0,0,0,Hepatocyte,DCQ
Macrophage1,2.07,2.12,2.15,1.99,2.19,2.13,1.86,1.94,2.01,1.95,2.08,1.79,2.2,2.06,1.68,1.86,1.81,1.98,2.04,1.98,2.24,1.99,2.1,2.25,1.73,2.22,1.65,1.98,1.56,1.95,2.09,1.84,1.89,1.52,1.59,1.65,2.06,1.8,2.25,2.04,1.73,1.78,2.07,2.26,2.26,2.01,2.23,1.89,2.1,2.23,1.78,2.13,2.23,2.02,2,1.98,2.38,1.77,1.69,2.17,2.07,1.6,2.07,2.13,2.22,1.92,1.82,2.27,2.14,1.85,1.86,1.91,1.94,1.95,2.01,2.19,1.99,2.32,1.97,2.14,1.84,1.92,2.09,2.07,1.87,1.87,1.98,1.82,2.04,1.86,2.07,1.88,1.83,1.97,1.92,2.11,1.88,1.93,1.77,1.87,1.97,1.87,1.91,1.97,1.96,2.19,1.88,1.87,1.88,1.96,1.75,2.14,2.23,1.75,2.37,2.04,1.83,2.1,2.12,2.22,2.08,1.79,2.07,1.44,1.82,2.18,1.74,2.5,2.16,1.88,1.88,1.55,2.09,1.91,1.9,2,1.82,2.07,1.96,0.92,2.2,1.86,0.52,1.89,2.33,1.87,1.83,3.29,2.24,1.92,2.21,2.36,1.93,1.71,1.79,2.6,2,2.21,1.9,2.19,2.48,1.67,2.04,1.97,2.26,1.97,1.85,2.12,1.7,1.73,2.23,1.98,1.78,2.03,2.26,1.04,1.76,1.89,2.1,1.83,2.06,1.84,1.77,1.94,1.88,1.97,1.92,2.15,2.11,1.78,2.04,1.84,2.15,2.02,1.54,2.06,1.82,1.88,2.22,1.85,2.03,1.58,2.04,2.01,1.77,1.92,1.96825242718447,Macrophage,DCQ
BECS1,0,0,0,0,0,0,0,0,0,0,0,0,0,0,0,0,0,0,0,0,0,0,0,0,0,0,0,0,0,0,0,0,0,0,0,0,0,0,0,0,0,0,0,0,0,0,0,0,0,0,0,0,0,0,0,0,0,0,0,0,0,0,0,0,0,0,0,0,0,0,0,0,0,0,0,0,0,0,0,0,0,0,0,0,0,0,0,0,0,0,0,0,0,0,0,0,0,0,0,0,0,0,0,0,0,0,0,0,0,0,0,0,0,0,0,0,0,0,0,0,0,0,0,0,0,0,0,0,0,0,0,0,0,0,0,0,0,0,0,0,0,0,0,0,0,0,0,0.04,0,0,0,0,0,0,0,0,0,0,0,0,0,0,0,0,0,0,0,0,0,0,0,0,0,0,0,0,0,0,0,0,0,0,0,0,0,0,0,0,0,0,0,0,0,0,0,0,0,0,0,0,0,0,0,0,0,0,0.000194174757281553,BECS,DCQ
T cell1,0,0,0,0,0,0,0,0,0,0,0,0,0,0,0,0,0,0,0,0,0,0,0,0,0,0,0,0,0,0,0,0,0,0,0,0,0,0,0,0,0,0,0,0,0,0,0,0,0,0,0,0,0,0,0,0,0,0,0,0,0,0,0,0,0,0,0,0,0,0,0,0,0,0,0,0,0,0,0,0,0,0,0,0,0,0,0,0,0,0,0,0,0,0,0,0,0,0,0,0,0,0,0,0,0,0,0,0,0,0,0,0,0,0,0,0,0,0,0,0,0,0,0,0,0,0,0,0,0,0,0,0,0,0,0,0,0,0,0,0,0,0,1.41,0,0,0,0,0,0,0,0,0,0,0,0,0,0,0,0,0,0,0,0,0,0,0,0,0,0,0,0,0,0,0,0,0,0,0,0,0,0,0,0,0,0,0,0,0,0,0,0,0,0,0,0,0,0,0,0,0,0,0,0,0,0,0,0.00684466019417476,T cell,DCQ
Neutrophil1,49.64,50.61,49.93,53.51,51.05,51.26,55.36,47.79,44.35,51.85,52.55,55.32,47.28,49.94,53.47,52.36,50.93,49.41,48.6,53.03,47.86,52.59,51.41,46.16,55.75,50.36,48.79,48.9,51.78,47.75,49.77,52.19,54.24,54.12,50.43,53.41,49.82,50.11,49.22,45.99,55.18,51.53,44.71,48.26,50.02,52.27,50.31,55.39,51.47,51.47,54.98,46.92,50.45,49.2,54.68,48.62,49.45,55.19,56.48,50,52.45,57.39,49.88,47.69,51.03,52.27,54.17,49.71,49.42,45.89,55.46,53.17,54.11,51.9,51.51,48.38,52.3,48.84,47.64,47.72,51.19,44.94,49.39,50.81,52.67,54.97,52,44.91,51.99,47.98,50.46,54.92,54.85,52.17,54.76,51.16,55.83,45.09,56.15,55.9,51.26,55.45,54.88,52.16,50.25,49.09,55.49,55.76,51.1,50.75,56.69,49.54,49.54,54.83,49.88,50.77,36.36,50.83,50.9,36.45,49.74,56.58,52.31,54.49,55.01,45.79,52.74,46.43,50.26,53.82,54.84,57.82,48.18,54.68,52.16,50.67,50.49,51.89,54.82,42.62,48.3,54.31,31.07,54.61,48.93,52.29,55.49,21.89,48.68,52.65,46.49,48.65,51.47,50.17,56.14,44.76,53,47.62,51.99,49.98,48.1,55,51.93,45.83,49.4,49.8,52.7,51.09,51.89,55.74,48.53,49.46,53.22,48.66,46.1,56.93,55.5,55.53,45.99,55.32,46.44,55.46,56.22,52.51,51.53,50.18,53.08,49.48,49.67,53.33,51.7,52.81,46.28,38.15,56.71,45.54,55.71,50.75,49.29,47.82,46.7,56.18,52.35,51.78,55.93,49.34,50.8544174757282,Neutrophil,DCQ
Plasma1,12.37,12.26,12.22,12.31,12.09,12.3,12.45,12.53,12.18,12.72,12.12,12.36,11.94,12.38,12.03,13.03,12.45,12.15,12.64,12.51,12.08,12.15,12.3,12.36,12.53,12.12,12.56,12.39,12.56,11.51,12.64,12.38,12.72,12.67,12.67,12.7,12.6,12.62,11.69,11.86,12.28,12.94,12.76,12.22,12.18,12.6,12.35,12.5,12.27,12.07,12.63,12.38,12.32,12.28,12.2,12.45,11.99,12.49,12.4,12.31,11.98,12.54,12.49,12.09,12.14,12.67,12.49,12.28,12.31,12.89,12.35,12.44,12.34,12.27,12.48,12.35,12.68,12.06,12.6,12.6,12.34,12.48,12.54,12.33,12.41,12.46,12.48,11.54,12.25,12.6,12.33,12.52,12.31,12.45,12.13,11.6,12.3,12.94,12.53,12.53,12.43,12.34,12.56,12.39,12.66,12.28,12.48,12.38,12.16,12.87,12.63,12.32,12.28,12.43,12.11,12.41,10.06,12.43,12.42,11.79,12.47,12.43,12.37,12.59,12.49,12.3,12.26,11.9,12.34,12.31,12.46,12.66,12.5,12.41,12.68,12.41,12.26,12.41,11.88,11.1,12.34,12.42,10.77,12.38,12.3,12.55,12.44,9.07,12.24,12.47,12.19,12.1,12.31,11.77,12.48,12.24,12.41,12.22,12.43,12.36,11.97,12.59,12.14,12.23,11.92,12.18,12.44,12.36,12.44,12.24,12.18,12.53,12.43,12.39,12.46,12.85,12.65,12.41,11.92,12.38,12.35,12.51,12.51,12.55,12.42,12.68,12.11,12.31,12.5,12.23,12.13,12.5,12.05,10.09,12.38,11.85,12.3,12.82,12.18,12.46,11.93,12.34,12.43,12.43,12.49,12.56,12.31,Plasma,DCQ
Sorted Myeloid1,0,0,0.02,0,0,0,0,0,1.02,0.43,0,0.06,0.59,0,1.65,0,1.54,1.63,0,0,0.37,0.07,0,0,0.68,0,2.08,0.16,2.62,0.16,0,1.02,0.02,1.41,1.6,0.77,0,1.07,0,1.95,0.49,2.26,0,0.02,0.01,0,0.1,0,0,0,0.18,0.32,0.15,0.64,0,0.31,0,0.51,0.27,0,0,0.8,0.02,1.46,0,0,0.36,0,0,0,0,0,0.09,0.33,0,0.28,0,1.95,0.31,0,0,0.2,0,0.88,0.39,0,0,0.25,0,2.29,0,0,0.21,0,0,0,0,0,0,0,0.38,0,0,0.34,0.77,0,0,0,1.32,0,0.09,0,0,1.03,0.29,0,3.24,0.42,0,3.02,0.06,0,0,1.97,0,0.74,1.31,0.4,0,0.3,0,0.96,0,0,0,0,1.5,0,0,0.55,0.2,0.28,7.68,0,0.63,0.22,0,4.38,0.95,0.46,0.45,0,1.07,2.61,0.18,0,0,0,0,0,0,0.71,0,1.62,0,0.76,0.48,0,0.85,0.51,0.47,0,0.79,0,0,2.59,0.08,0,0.67,0.07,0.5,0,0.22,0.02,0.21,0,0.14,0,0,1.09,0.39,0.69,0.75,3.64,0.92,1.06,0.26,1.57,0.36,1.19,0,1.12,0,0.13,0.16,0.22,0.475922330097087,Sorted Myeloid,DCQ
Erythrocyte1,0,0,0,0,0,0,0,0,0,0,0,0,0,0,0,0,0,0,0,0,0,0,0,0,0,0,0,0,0,0,0,0,0,0,0,0,0,0,0,0,0,0,0,0,0,0,0,0,0,0,0,0,0,0,0,0,0,0,0,0,0,0,0,0,0,0,0,0,0,0,0,0,0,0,0,0,0,0,0,0,0,0,0,0,0,0,0,0,0,0,0,0,0,0,0,0,0,0,0,0,0,0,0,0,0,0,0,0,0,0,0,0,0,0,0,0,0,0,0,0,0,0,0,0,0,0,0,0,0,0,0,0,0,0,0,0,0,0,0,0,0,0,0,0,0,0,0,0,0,0,0,0,0,0,0,0,0,0,0,0,0,0,0,0,0,0,0,0,0,0,0,0,0,0,0,0,0,0,0,0,0,0,0,0,0,0,0,0,0,0,0,0,0,0,0,0,0,0,0,0,0,0,0,0,0,0,0,Erythrocyte,DCQ
Endothelial/Kuppfer1,0,0,0,0,0,0,0,0,0,0,0,0,0,0,0,0,0,0,0,0,0,0,0,0,0,0,0,0,0,0,0,0,0,0,0,0,0,0,0,0,0,0,0,0,0,0,0,0,0,0,0,0,0,0,0,0,0,0,0,0,0,0,0,0,0,0,0,0,0,0,0,0,0,0,0,0,0,0,0,0,0,0,0,0,0,0,0,0,0,0,0,0,0,0,0,0,0,0,0,0,0,0,0,0,0,0,0,0,0,0,0,0,0,0,0,0,0,0,0,0,0,0,0,0,0,0,0,0,0,0,0,0,0,0,0,0,0,0,0,0,0,0,1.14,0,0,0,0,2.49,0,0,0,0,0,0,0,0,0,0,0,0,0,0,0,0,0,0,0,0,0,0,0,0,0,0,0,0,0,0,0,0,0,0,0,0,0,0,0,0,0,0,0,0,0,0,0,0,0,0,0,0,0,0,0,0,0,0,0.017621359223301,Endothelial/Kuppfer,DCQ
others1,0,0,0,0,0,0,0,0,0,0,0,0,0,0,0,0,0,0,0,0,0,0,0,0,0,0,0,0,0,0,0,0,0,0,0,0,0,0,0,0,0,0,0,0,0,0,0,0,0,0,0,0,0,0,0,0,0,0,0,0,0,0,0,0,0,0,0,0,0,0,0,0,0,0,0,0,0,0,0,0,0,0,0,0,0,0,0,0,0,0,0,0,0,0,0,0,0,0,0,0,0,0,0,0,0,0,0,0,0,0,0,0,0,0,0,0,0,0,0,0,0,0,0,0,0,0,0,0,0,0,0,0,0,0,0,0,0,0,0,0,0,0,0,0,0,0,0,0,0,0,0,0,0,0,0,0,0,0,0,0,0,0,0,0,0,0,0,0,0,0,0,0,0,0,0,0,0,0,0,0,0,0,0,0,0,0,0,0,0,0,0,0,0,0,0,0,0,0,0,0,0,0,0,0,0,0,0,others,DCQ
Monocyte/Macrophage2,6.81,4.01,4.48,8.19,4.29,1.19,14.16,1.11,10.11,12.82,15.65,10.39,2.98,0.38,15.51,15.01,4.01,6.45,6.32,9.75,6.9,9.18,10.82,8.33,15.42,1.12,6.62,7.35,3.83,1.21,6.9,9.55,14.02,10.45,7.68,12.72,8.36,10.14,0,0,16.32,6.33,8.09,0.65,2.14,9.81,2.29,17.88,0,0,13.32,2.27,5.33,0.82,16.14,6.86,3.65,13.37,14.1,7.04,14.95,16.87,6.94,18.37,0,12.19,9.15,0,1.23,7.36,13.86,3.83,12.5,14.48,2.31,3.86,10.97,8.63,9.6,6.41,0,8.78,8.5,11.1,12.69,16.16,9.53,5.85,7.75,1.69,0,16.15,13.19,6.19,14.97,9.3,19.58,11.9,14.64,20.38,12.65,12.73,13.46,12.69,2.71,10.7,19.23,10.68,1.78,10.47,14.54,1.81,3.44,11.36,1.65,4.45,0.64,5.34,4.19,13.09,0.17,19.14,5.02,7.81,11.19,7.67,5.51,4.54,0,3.92,14.74,14.61,4.42,14.84,10.9,1.07,11.77,5.64,16.36,0,1.86,3.76,17.22,14.57,3.39,11.6,5.82,15.94,3.22,8.04,0.77,0,10.25,6.84,15.57,9.11,10.05,0,0.48,0.45,0.06,2.43,6.57,2.59,0.84,2.78,6.82,1.3,4.29,9.3,0,4.15,7.34,0.62,9.48,13.45,9.19,14.61,9.59,12.12,11.04,13.51,17.06,12.62,1.09,17.56,14.52,1.02,5.31,15.15,5.04,1.47,11.39,2.81,17.51,6.39,13.68,13.51,7.93,5.35,0.23,12.94,8.62,8.99,11.73,12.61,8.0823786407767,Monocyte/Macrophage,proportionsInAdmixture
Monocyte2,4.1,5.2,3.55,0,4.88,7.2,4.96,5.79,0,3.12,0.64,0,2.47,6.82,0,6.72,8.8,1.32,6.58,4.06,2.74,0.48,1.34,8.93,3.36,3.88,5.85,3.83,2.33,0,6.3,2.87,4.73,7.16,6.7,4.01,3.66,4.77,3.33,2.07,2.88,0,6.89,5.82,6.51,5.03,4.84,4.46,3.43,1.62,5.67,3.7,3.1,7.54,3.01,1.15,4.49,1.65,2.84,2.95,2.49,1.69,5.81,2.68,4.97,7.75,6.47,3.73,4.83,6.27,4.44,3.77,1.95,3.65,7.04,4.85,5.37,0,6.34,3.47,8.29,1.42,3.36,1.15,1.79,5.62,5.11,4.55,6.77,1.11,5.54,6.06,0,3.78,4.14,5.96,4.5,7.51,1.99,3.44,7.1,4.46,4.81,2.02,1.49,5.26,2.43,4,7.17,8.88,4.76,6.82,6.92,2.99,2.12,2.56,0,0.71,5.14,1.24,4.82,5.96,3.53,0,3.75,6.99,0,1.38,5.76,0.3,6.49,5.57,8.17,3.77,2.18,4.58,0.21,5.39,3.13,3.08,0.45,1.5,0,2.55,0,2.95,4.18,0,5.64,3.8,4.62,3.32,3.41,0,3.52,2.96,4.45,4.73,4.8,2.06,2.55,0,3.5,0,5.73,3.52,1.42,4.86,4.44,0,0.86,7.48,2.71,9.49,5.9,5.09,4.77,0,0.09,3,3.1,3.45,2.79,2.76,7.26,8.29,0.48,4.22,4.53,0.28,2.26,6.43,2.84,0,1.35,0,0,0,0,0.15,2.91,0,5.23,6.08,3.1,4.18,3.63966019417476,Monocyte,proportionsInAdmixture
Endothelial2,2.82,2.15,0,12.99,0,1.28,9.85,0,0.61,3.82,7.56,13.15,2.47,3.85,7.53,4.47,3.38,9.09,0,3.36,3.7,8.79,10.95,0,11.84,2.34,6.47,2.88,2.3,0.08,2.39,8.77,5.84,4.87,0.12,0.47,5.63,3.8,4.31,5.24,10.75,6.09,0,2.9,4.96,0.88,3.76,13.2,3.37,2.31,3.64,3.97,3.82,1.71,14.89,0.46,0.32,1.99,14.39,2.68,13.44,12.58,0.45,8.45,0.07,0,9.76,1.12,3.69,0,15.1,2.59,14.62,5.76,0,2.24,2.56,5.9,0,0.96,0,0.03,0,6.71,6.39,10.69,0,0.25,7.75,4.49,1.14,10.12,9.34,2.36,19.96,9.28,9.91,0,18.68,13.78,6.45,14.87,15.46,6.86,0.69,9.21,9.48,20.99,1.42,0,16.3,0,4.55,15.4,5.12,0,0,2.29,0,0.98,0,15.29,0.93,9.84,10.59,5.83,6.22,1.13,0.67,14.81,12.56,15.65,1.97,9.24,3.49,0.91,0,3.41,10.68,1.05,0,17.19,0.76,12.06,2.59,8.79,12.17,1.57,1.1,8.52,3.7,1.97,7.84,8.19,11.58,5.41,6.1,1.58,0,1.21,4.52,10.57,8.94,7.29,1.96,10.84,0.44,0,2.53,18.31,4.98,0,2.1,0,0,0.16,13.06,13.49,5.82,15.23,0.58,16.43,15.7,7.26,0,0.84,7.1,1.61,4.23,6.87,3.26,0,2.08,0.11,7.61,1.25,17.61,0.78,10.48,1.49,0,11.68,5.63,9.74,17.1,0,5.5426213592233,Endothelial,proportionsInAdmixture
Dendritic cell2,0,0,0,0,0,0,0,0,0,0,0,0,0,0,0,0,0,0,0,0,0,0,0,0,0,0,0,0,0,0,0,0,0,0,0,0,0,0,0,0,0,0,0,0,0,0,0,0,0,0,0,0,0,0,0,0,0,0,0,0,0,0,0,0,0,0,0,0,0,0,0,0,0,0,0,0,0,0,0,0,0,0,0,0,0,0,0,0,0,0,0,0,0,0,0,0,0,0,0,0,0,0,0,0,0,0,0,0,0,0,0,0,0,0,0,0,0,0,0,0,0,0,0,0,0,0,0,0,0,0,0,0,0,0,0,0,0,0,0,0,0,0,0,0,0,0,0,0,0,0,0,0,0,0,0,0,0,0,0,0,0,0,0,0,0,0,0,0,0,0,0,0,0,0,0,0,0,0,0,0,0,0,0,0,0,0,0,0,0,0,0,0,0,0,0,0,0,0,0,0,0,0,0,0,0,0,0,Dendritic cell,proportionsInAdmixture
Proliferating NK cell2,0,0,0,0,0,0,0,0,0,0,0,0,0,0,0,0,0,0,0,0,0,0,0,0,0,0,0,0,0,0,0,0,0,0,0,0,0,0,0,0,0,0,0,0,0,0,0,0,0,0,0,0,0,0,0,0,0,0,0,0,0,0,0,0,0,0,0,0,0,0,0,0,0,0,0,0,0,0,0,0,0,0,0,0,0,0,0,0,0,0,0,0,0,0,0,0,0,0,0,0,0,0,0,0,0,0,0,0,0,0,0,0,0,0,0,0,0,0,0,0,0,0,0,0,0,0,0,0,0,0,0,0,0,0,0,0,0,0,0,0,0,0,0,0,0,0,0,0,0,0,0,0,0,0,0,0,0,0,0,0,0,0,0,0,0,0,0,0,0,0,0,0,0,0,0,0,0,0,0,0,0,0,0,0,0,0,0,0,0,0,0,0,0,0,0,0,0,0,0,0,0,0,0,0,0,0,0,Proliferating NK cell,proportionsInAdmixture
NK cell2,2.42,4.93,3.09,3.05,5.36,4.21,6.69,4.43,1.63,4.35,3.8,5.16,0.64,3.32,3.8,0,2.2,2.09,4.17,6.28,1.17,2.41,3.66,2.7,6.98,3.83,1.78,4.8,3.77,0,2.29,5.14,5.1,2.27,0,4.48,2.34,3.21,4.16,0.47,6.55,5.68,3.32,1.9,1.73,4.85,2.13,6.59,3.59,3.9,5.85,0,3.65,1.01,6.7,2.37,2.46,5.29,4.28,6.8,1.23,10.89,4.04,0,4.76,3.44,4.97,2.99,3.38,4.19,5.27,3.29,3.18,3.04,3.44,0.66,3.4,5.16,1.65,3.1,2.05,0,2.78,1.68,0,7.63,3.63,0,4.09,0.61,2.28,7.69,2.07,3.9,5.26,1.36,10.57,1.31,3.26,10.09,0.56,6.01,7.56,3.06,3.26,0.29,4.99,3.1,3.25,3.38,8.46,3.47,4.44,0.21,2.65,3.14,0,3.88,4.61,0,1.41,9.93,6.42,7.07,3.82,0,1.98,2.55,3.02,4.01,4.07,9.07,2.63,7.23,4.24,2.95,4.2,4.91,5.14,0,2.62,0,0,4.51,4.36,0,4.88,0,4.01,2.1,0,3.24,1.58,2.07,4.58,1.17,4.17,4.45,4.54,5.09,3.8,3.57,2.18,2.92,3.34,1.62,3.83,4.71,4.88,1.54,3.61,2.67,4.15,2.49,2.45,2.02,5.14,4.32,3.58,3.83,3.07,4.73,5.84,2.52,3.26,4.47,3.13,4.83,3,3.54,4.01,4.44,4.88,0,6.1,0,2.11,2.73,0,4.36,1.17,4.87,3.81,2.53,4.34,3.6,3.45388349514563,NK cell,proportionsInAdmixture
Stellate/Fibroblast2,51.45,50.94,55.43,40.37,50.88,50.77,31.11,52.07,50.23,41.76,42.58,38.47,57.69,52.22,37.1,39.45,49.41,43.1,51.27,40.44,53.64,48.91,33.79,53.93,29.03,52.5,50.22,48.84,43.44,66.17,52.05,27.85,37.58,45.95,55.76,42.55,41.96,47.06,51.17,52.82,32.16,38.2,49.64,55.96,50.2,50.43,50.32,27.42,52.42,49.89,38.24,53.34,50.73,56.69,26.01,51.22,54.31,45.09,30.53,43.37,42.11,17.28,49.38,40.32,50.2,41.4,35.79,53.62,53.82,51.31,29.2,54.7,36.99,44.27,54.97,55.33,41.04,41.86,55.54,53.55,59.77,51.28,51.61,40.89,47.15,27.76,47.01,62.4,43.37,51.18,55.88,27.67,45.43,42.5,24.02,44.16,16.68,47.65,31.28,17.18,42.36,31.02,26.95,39.29,50.15,41.81,33.69,29.88,55.61,51.23,21.08,53.41,47.59,37.12,49.12,52.73,66.49,51.98,49.99,47.53,57.45,14.96,50.31,44.14,36.79,46.7,45.35,56.17,55.5,37.65,34.31,17.35,52.88,26.27,42.53,53.82,52.56,45.27,34.93,54.36,55.25,43.27,44.56,34.95,49.58,35.81,41.26,52.3,52.73,48.69,55.15,52.49,38.67,45.2,29.56,49.3,42.4,51.94,52.59,51.2,49.75,42,45.34,43.64,55.03,47.34,52.27,49.76,48.79,37.9,48.99,54.64,50.62,55.28,50.65,49.5,31.08,34.68,47.84,33.12,53.05,28.24,25.8,35.11,58.04,41.21,43.24,52.13,50.35,46.7,48.81,53.51,47.79,63.18,37.2,58.61,34.47,46.78,37.72,45.1,63.67,39.01,37.77,38.35,25.91,48.83,44.9500485436893,Stellate/Fibroblast,proportionsInAdmixture
Hepatocyte2,0,0,0,0,0,0,0,0,0,0,0,0,0,0,0,0,0,0,0,0,0,0,0,0,0,0,0,0,0,0,0,0,0,0,0,0,0,0,0,0,0,0,0,0,0,0,0,0,0,0,0,0,0,0,0,0,0,0,0,0,0,0,0,0,0,0,0,0,0,0,0,0,0,0,0,0,0,0,0,0,0,0,0,0,0,0,0,0,0,0,0,0,0,0,0,0,0,0,0,0,0,0,0,0,0,0,0,0,0,0,0,0,0,0,0,0,0,0,0,0,0,0,0,0,0,0,0,0,0,0,0,0,0,0,0,0,0,0,0,0,0,0,0,0,0,0,0,0,0,0,0,0,0,0,0,0,0,0,0,0,0,0,0,0,0,0,0,0,0,0,0,0,0,0,0,0,0,0,0,0,0,0,0,0,0,0,0,0,0,0,0,0,0,0,0,0,0,0,0,0,0,0,0,0,0,0,0,Hepatocyte,proportionsInAdmixture
Macrophage2,0,0,0,0,1.14,0.19,0,0,0,0,0,0,0,0,0,0,0,0,0,0,0,0,0,0,0,0.97,0,0,0,0,0,0,0,0,0,0,0,0,1.55,0,0,0,0,0,0.38,0.28,0.52,0.22,1.05,0.82,0,0,1.51,0,0,0,0.92,0,0,0,0,1.9,0,0,2.13,0,0,0.51,0,0,0,0,0,0,0,0,0,0.31,0,0,0,0,0,0,0,0,0,0,0,0,0,0,0,0,0,0,0,0,0,0.67,0,0,0,0,0,0,0,0,0,0,0.33,0,0,0,0.98,0,0,0,0,0,0,0.33,0.71,0,0,0,0,1.35,2.45,0,0,0,0,0,0,0,0,0,0,0,0,0,0,0,3.41,0,0,0,2.19,0,0,1.01,0,0,0,0,0,0,0,0.63,2.11,0,0,0,0.39,0,0,0,0,0,0,0,0,0,0,0,0,0,0,0,0,0,0,0,0,0,0,0,0,0,0.21,0.23,0,0,0,0,0,0,0,0,0,0,0,0,0,0,0.152427184466019,Macrophage,proportionsInAdmixture
BECS2,5.56,7.51,7.9,0,10.66,8.76,0,9.55,6.72,4.06,0.53,0,8.62,7.94,0.3,0,8,3.01,8.8,5.05,7.82,1.14,1.34,8.65,0,8.57,6,6.23,7.39,5.44,8.36,0,2.03,4.2,3.55,4.2,4.19,5.15,9.31,8.83,0.03,6.65,8.1,8,8.04,9.14,9.29,0,8.65,9.23,2.89,6.67,9.13,8.93,0,5.33,9.44,1.9,0,6.44,0,0,5.73,0.68,9.34,6.26,2.07,8.62,7.22,7.53,0,3.22,0,4.2,9.61,7.39,4.37,9.07,6.33,10.48,8.51,5.28,9.23,2.64,1.42,0.86,6.15,5.13,2.51,7.73,9.32,0.01,0,4.4,0,1.86,0,7.69,0,0,2.34,0,0,2.61,7.61,3.36,0,0,8.85,7.16,0,8.83,8.35,0,7.9,9.07,0,9.06,10.05,4.73,11.02,0,9.7,4.19,2,6.33,4.22,10.12,9.79,2.35,0.72,0,7.99,0,3.71,9.05,6.01,7.87,0,7.1,7.26,0.04,0,0,10.68,2.13,1.35,3.09,10.78,2.29,5.59,9.12,3.91,1.83,0,8.36,4.13,9.33,7.43,9.7,10.33,2.79,1.8,7.5,9.37,5.35,5.38,8.9,5.49,0,7.24,8.8,6.2,9.03,6,3.65,0,0,5.02,0,6.8,0,0,2.13,8.72,4.3,0.44,8.62,6.94,2.22,8.91,9.78,7.13,1.36,0.42,6.06,0,7.34,0,6.19,7.53,0,3.96,3.09,0,6.01,4.84466019417476,BECS,proportionsInAdmixture
T cell2,3.64,0,0,4.98,0,0,0.62,0,7.05,0.94,0.87,2.98,0,0,1.7,10,0,2.78,0,0,0,2.18,7.64,0,0.56,0,2.77,0.39,1.6,0,0,2.65,2.23,4.4,9.55,3.27,5.57,2.47,0,5.87,0,0,0,0,0,0,0,0,0,0,0.66,1.28,0,0,0,3.94,0,0,2.18,0,3,0,0.59,8.19,0,2.89,1.48,0,0,0,0,0.74,5.84,0.96,0,0,3.99,0.2,2.04,1.16,0,8.13,0.91,3.58,7.08,0,0,4.29,0.38,0.83,0,0,2.02,3.74,0.25,2.55,0,2.52,1.45,0,2.3,0,0,5.33,0,6.68,0.47,3.49,0,1.39,0,0,0,7.68,0,0,7.54,0,0,7.3,0,0,0,1.81,3.27,3.45,4.78,0,0,1.6,0.22,0,0,1.36,3.29,0,0,0,0.95,9.74,0,4.76,13.01,4.45,0,11.6,0,4.2,0,3.53,2.86,0,4.01,0.07,2.89,0.94,1.49,0,0,0,0,3.68,4.1,2.73,0,2.34,1.03,0,0,3.8,0,1.15,1.32,0,0.71,5.43,1.94,1.75,2.62,4.33,0.25,2.76,1.05,8.09,0,2.39,5.26,0,0,2.67,0,0,0,4.53,2.48,3.17,2.81,2.7,10.94,1.87,0,0.28,3.18,2,3.3,2.63,1.88995145631068,T cell,proportionsInAdmixture
Neutrophil2,3.54,3.99,2.67,9.07,5.2,4.36,13.76,1.88,0,4.26,10.45,11.99,0.92,2.07,13.32,0.9,4.04,1.64,0.45,8.81,1.72,6.17,9.45,1.73,14.27,5.05,1.31,3.88,1.54,2.2,0.04,1.25,8.72,2.69,0,6.94,2.64,3.21,5.51,0,15.05,1.81,0,1.48,5.33,3.74,3.31,17.57,5.11,3.18,8.66,0,4.35,1.18,17.96,3.66,3.87,12.79,14.52,7.76,7.83,26.47,3.83,2.47,4.24,1.34,8.37,2.31,2.8,0.08,14.23,5.37,8.29,4.62,3.17,0.71,3,4.9,0,0.05,0.92,0,1.57,5.74,4.42,13.32,4.57,0.27,7.16,0,2.78,13.07,13.28,3.27,16.57,5.8,22.24,0,13.92,21.71,7.17,16.06,15.96,5.48,4.62,1.04,16.65,10.43,3.91,0,18.1,2.97,4.76,8.55,4.46,3.16,0.52,3.91,2.17,0.26,0,17.52,3.65,4.34,7.62,3.2,6.52,3.69,4.04,6.81,11.21,15.38,0.18,11.31,4.35,3.81,3.71,3.24,12.58,0,1.85,5.81,2.35,11.2,4.06,5.31,8.97,1.11,2.55,5.8,0,2.12,4.86,5.61,13.11,3.87,5.3,0.4,3.21,2.99,6.25,5.06,6.1,1.74,3.2,1.3,4.52,3.59,8.03,12.16,2.31,1.15,3.62,0,1.34,3.99,11.48,15.36,2.64,9.91,1.06,13.34,16.4,6.19,0.14,5.49,10.02,4.46,2.57,8.55,8.54,3,3.31,3.19,11.77,0.14,12.24,7.84,3.3,5.21,0.82,16.15,3.79,6,13.23,2.23,5.74859223300971,Neutrophil,proportionsInAdmixture
Plasma2,9.36,7.81,7.58,8.29,6.38,5.49,12.22,10.23,5.73,12.05,8.09,5.95,3.73,6.29,4.93,7.95,5.12,6.97,11.99,13.38,5.45,5.9,8.56,9.46,9.54,5.48,8.4,8.99,10.49,1.12,7.83,3.03,13.21,9.09,7.94,12.81,10.8,10.91,3.54,0.88,7.75,11.25,11.62,5.31,3.64,9.62,5.88,10.44,4.71,4.69,13.46,6.67,5.76,4.5,10.58,10.19,4.46,8.71,5.99,10.69,3.32,10.2,9.64,6.61,6.57,15.72,9.93,6.12,7.46,13.19,6.74,9.67,5.7,6.54,6.32,7.15,14.36,0.55,10.14,7.82,6.67,6.61,9.06,9.87,8.68,10.8,13,2.26,8.35,8.9,5.11,9.43,4.29,15.7,6.6,9.22,11.98,13.2,5.46,11.69,8.18,7.35,9.92,11.28,10.84,9.94,10.01,9.09,4,11.82,9.91,8.65,8.27,6.25,3.65,8.49,1.6,5.58,8.37,5.47,5.53,8.99,7.35,8.83,12.4,7.27,8.47,2.99,6.42,10.04,10.07,12.25,8.79,12.51,13.45,7.09,6.64,10.75,9.27,0.6,9.56,6.04,4.42,6.27,6.52,12.1,9.15,1.83,4.12,7.58,5.29,4.52,10.07,3.71,11.68,5.65,12.1,5.48,8.73,8.15,3.53,10.45,7.63,10.12,5.14,6.41,11.24,8.24,10.46,1.74,7.43,7.55,10.52,7.4,11.47,9.92,10.6,6.68,6.98,7.71,8.34,10.41,9.1,13.11,6.75,13.19,6.23,8.21,8.35,4.71,4.77,7.3,6.39,0,5.93,3.14,5.96,8.12,7.55,12.14,5.65,7.16,13.35,8.78,10.92,10.04,7.99849514563107,Plasma,proportionsInAdmixture
Sorted Myeloid2,10.18,6.63,8.98,13.06,6.07,9.58,5.84,9.92,8.13,9.93,9.4,11.14,10.7,10.71,15.82,7.52,7.71,17.94,5.66,8.66,9.17,14.58,11.36,3.76,7.42,8.75,9.31,11.53,14.1,11.47,5.36,13.04,6.25,6.18,8.3,7.89,13.07,7.52,11.32,12.49,7.7,11.23,6.76,8.99,9.25,3.09,9.42,2.22,10.34,12.62,6.63,8.94,6.28,7.21,4.71,11.65,8.78,9.22,11.15,10.22,11.63,2.11,11.22,11.22,8.41,6.12,9.31,9.26,10.85,6.84,8.84,12.35,10.6,9.83,4.67,8.5,9.14,10.99,5.48,8.67,7.55,10.7,7.33,13.58,10.38,5.04,9.08,9.1,10.16,14,10.71,5.17,10.39,12.8,7.51,10.08,1.25,5.67,8.6,1.04,8.58,6.81,5.15,11.36,12.48,9.83,3.04,8.33,4.27,3.35,4.99,9.03,9.75,10.43,10.33,7.48,19.42,6.13,6.67,10.96,8.94,1.33,6.07,6.97,8.56,7.1,16.41,6.14,7.75,18.51,4.68,5.1,7.6,8.09,11.85,10.83,12.94,9.58,6.92,14.29,15.38,17.64,13.72,9.44,7.9,9.71,11.9,11.22,6.88,9.65,11.41,10.12,13.55,22.38,7.5,7.57,8.93,10.11,13.12,11.37,9.89,19.45,13.83,18.83,8.75,12.49,12.81,11.57,10.42,14.33,15.5,7.74,11.02,9.69,6.88,5.54,12,9.09,13.86,10.75,9.02,7.13,6.27,10.22,4.88,0.19,9.59,9.06,11.34,9.32,8.99,6.2,10.76,17.58,8.94,11.69,11.13,8.53,20.01,13.78,10.1,7.91,10.47,12.26,10.38,9.06,9.54291262135922,Sorted Myeloid,proportionsInAdmixture
Erythrocyte2,0.12,1.96,1.64,0,2.56,2.68,0.78,2.84,0,2.88,0.42,0.76,1.31,1.99,0,7.99,0.34,0,2.92,0.21,0.67,0.26,1.1,2.15,1.57,2.44,1.1,1.28,1.25,0.16,1.75,25.84,0.29,2.76,0.41,0.64,1.77,1.43,2.23,0,0.79,0.45,2.44,1.83,2.06,2.66,1.81,0,1.24,2.06,0.97,0.2,1.57,1.02,0,0,2.33,0,0,2.05,0,0,2.36,0,2.97,2.89,2.72,2.34,1.41,2.14,2.33,0.45,0.34,1.57,1.92,2.11,1.53,1.49,1.95,1.44,2.12,0,2.09,0.82,0,2.12,1.92,0.42,1.7,1.59,2.01,4.64,0,1.36,0.71,0.44,3.29,2.55,0.72,0,0.1,0.68,0.75,0,1.18,0.02,0,0,0.73,2.31,1.53,1.31,1.91,0,1.51,1.74,0,0.87,2.92,0,3.29,6.55,2.31,2.27,0,0.08,0,1.24,2.38,0,0.95,5.02,1.96,5.39,0,0.97,1.15,2.36,0.03,0,0.73,0,3.95,0,1.16,0,0.32,0,2.6,0,0.28,1.78,0.63,0.15,0,1.23,0.87,2.11,2.26,1.55,1.49,0,0,0,2.42,1.38,0.23,2.43,0.67,0.93,0.47,1.79,0.41,3.45,2.39,1.24,0.73,0,0.83,0,1.13,0,0,0,1.65,2.07,0,2.05,0.54,0,0.84,2.36,1.98,0,0.69,0,0,0.38,0,0,0.67,0,4.19,2.17,0,0.82,1.35907766990291,Erythrocyte,proportionsInAdmixture
Endothelial/Kuppfer2,0,4.87,4.69,0,2.59,4.3,0,2.16,9.79,0,0,0,8.47,4.42,0,0,6.98,5.61,1.84,0,7.02,0,0,0.36,0,5.06,0.16,0,7.96,12.16,6.72,0,0,0,0,0,0,0.34,3.57,11.33,0,12.31,3.15,7.15,5.76,0.48,6.43,0,6.12,9.69,0,12.98,4.77,9.38,0,3.2,4.97,0,0,0,0,0,0,1.02,6.33,0,0,9.38,3.31,1.09,0,0,0,1.08,6.56,7.22,0.26,10.94,0.91,2.91,4.11,7.78,3.56,2.23,0,0,0,5.49,0,7.88,5.23,0,0,0,0,0,0,0,0,0,2.21,0,0,0,4.98,1.87,0,0,9.01,0,0,3.69,0,0,10.51,7.18,3.81,10.27,5.88,8.43,7.37,0,4,2.73,0,5.38,0.54,8.7,2.23,0,0,0,3.41,0,0,4.9,0.82,1.58,0,9.78,5.03,0,0,0,6.35,0,0,8.73,4.18,0,10.32,10.32,1.23,3.95,0,4.44,0,9.86,2.86,5.59,5.7,0,0,2.63,3.82,4.63,0,4.63,0,0,8.63,2.88,0,2.54,2.73,0,0,0,1.13,0,2.55,0,0,0,8.2,0,0,3.8,2.84,0,4.35,5.27,1.44,7.25,0,9.54,0,1.28,2.07,4.36,7.25,0,0,0,0,0,2.79485436893204,Endothelial/Kuppfer,proportionsInAdmixture
others2,0,0,0,0,0,0,0,0,0,0,0,0,0,0,0,0,0,0,0,0,0,0,0,0,0,0,0,0,0,0,0,0,0,0,0,0,0,0,0,0,0,0,0,0,0,0,0,0,0,0,0,0,0,0,0,0,0,0,0,0,0,0,0,0,0,0,0,0,0,0,0,0,0,0,0,0,0,0,0,0,0,0,0,0,0,0,0,0,0,0,0,0,0,0,0,0,0,0,0,0,0,0,0,0,0,0,0,0,0,0,0,0,0,0,0,0,0,0,0,0,0,0,0,0,0,0,0,0,0,0,0,0,0,0,0,0,0,0,0,0,0,0,0,0,0,0,0,0,0,0,0,0,0,0,0,0,0,0,0,0,0,0,0,0,0,0,0,0,0,0,0,0,0,0,0,0,0,0,0,0,0,0,0,0,0,0,0,0,0,0,0,0,0,0,0,0,0,0,0,0,0,0,0,0,0,0,0,others,proportionsInAdmixture
Monocyte/Macrophage3,0,0,0,0,0,0,0,0,0,0,0,0,0,0,0,0,0,0,0,0,0,0,0,0,0,0,0,0,0,0,0,0,0,0,0,0,0,0,0,0,0,0,0,0,0,0,0,0,0,0,0,0,0,0,0,0,0,0,0,0,0,0,0,0,0,0,0,0,0,0,0,0,0,0,0,0,0,0,0,0,0,0,0,0,0,0,0,0,0,0,0,0,0,0,0,0,0,0,0,0,0,0,0,0,0,0,0,0,0,0,0,0,0,0,0,0,0,0,0,0,0,0,0,0,0,0,0,0,0,0,0,0,0,0,0,0,0,0,0,0,0,0,0,0,0,0,0,0,0,0,0,0,0,0,0,0,0,0,0,0,0,0,0,0,0,0,0,0,0,0,0,0,0,0,0,0,0,0,0,0,0,0,0,0,0,0,0,0,0,0,0,0,0,0,0,0,0,0,0,0,0,0,0,0,0,0,0,Monocyte/Macrophage,DeconRNASeq
Monocyte3,0,0,0,0,0,0,0,0,0,0,0,0,0,0,0,0,0,0,0,0,0,0,0,0,0,0,0,0,0,0,0,0,0,0,0,0,0,0,0,0,0,0,0,0,0,0,0,0,0,0,0,0,0,0,0,0,0,0,0,0,0,0,0,0,0,0,0,0,0,0,0,0,0,0,0,0,0,0,0,0,0,0,0,0,0,0,0,0,0,0,0,0,0,0,0,0,0,0,0,0,0,0,0,0,0,0,0,0,0,0,0,0,0,0,0,0,0,0,0,0,0,0,0,0,0,0,0,0,0,0,0,0,0,0,0,0,0,0,0,0,0,0,0,0,0,0,0,0,0,0,0,0,0,0,0,0,0,0,0,0,0,0,0,0,0,0,0,0,0,0,0,0,0,0,0,0,0,0,0,0,0,0,0,0,0,0,0,0,0,0,0,0,0,0,0,0,0,0,0,0,0,0,0,0,0,0,0,Monocyte,DeconRNASeq
Endothelial3,4.95,4.92,4.71,5.2,4.8,4.74,4.95,4.52,4.68,4.87,5.02,5.14,4.86,4.86,5.19,4.85,4.73,5.43,4.38,4.86,5.02,5.12,5.34,4.79,5.02,4.89,5.35,4.99,4.89,4.56,4.71,5.25,4.86,5,4.67,4.77,5.11,5.01,5.05,5.22,5.16,4.98,4.2,4.86,4.98,4.73,4.94,4.99,4.83,4.87,4.85,5.02,4.92,4.72,5.06,4.82,4.82,4.78,5.05,4.92,5.33,5,4.75,5.48,4.81,4.78,5.06,4.73,4.93,4.37,5.1,4.81,5.17,5.05,4.55,4.79,4.82,5.15,4.53,4.56,4.36,4.57,4.72,5.13,5.04,5.02,4.71,4.53,5.06,5.05,4.73,4.97,4.99,4.88,5.35,5.45,4.94,4.34,5.1,4.94,5.12,5.05,5.02,5.08,4.57,5.35,4.92,5.12,4.71,4.6,4.97,4.73,5.04,5.23,5.04,4.71,2.35,4.77,4.67,4.54,4.39,5.06,4.77,5.31,5.06,5.16,5.09,4.66,4.64,5.3,5.05,4.97,4.84,4.96,4.89,4.71,4.56,4.95,5.21,4.48,4.77,5.27,4.04,5.09,4.77,5.24,5.01,4.43,4.54,5.05,5.03,4.81,5.21,5.5,4.96,5.27,4.97,4.8,4.71,4.76,5.07,5.06,5.15,5.68,5.01,5.54,4.73,4.77,4.83,5.27,5.17,4.55,4.86,4.51,4.79,4.59,5.02,5.03,5.43,5.12,4.74,5.08,5.02,5.05,4.62,4.74,5.12,4.8,4.9,5.1,4.96,4.61,4.89,4.26,5.02,4.7,5.18,4.75,5.53,4.98,4.35,5.11,4.95,5.22,5.12,4.59,4.90233009708738,Endothelial,DeconRNASeq
Dendritic cell3,1.65,2.03,1.59,1.31,1.91,1.79,1.39,1.94,1.62,1.45,1.61,1.63,1.27,2.03,0.97,2.08,1.22,1.12,1.84,1.56,1.48,1.65,1.74,2.31,1.34,1.68,0.8,1.88,0.44,1.24,2.01,1.47,1.42,0.99,1.12,1.31,1.83,1.26,1.51,0.74,1.47,0.8,2.1,1.63,1.59,1.66,1.57,1.8,1.76,1.74,1.58,1.56,1.49,1.41,1.6,1.71,1.77,1.32,1.61,1.59,1.86,1.2,1.63,1.29,1.6,1.98,1.58,1.55,2.12,2.25,1.73,1.51,1.54,1.71,1.67,1.46,1.78,0.87,1.64,1.96,1.57,1.99,1.75,1.26,1.51,1.9,1.88,1.51,1.73,0.56,1.65,1.79,1.52,1.67,1.77,2.11,1.59,2.12,1.82,1.61,1.62,1.6,1.93,1.59,1.35,1.98,1.47,1.77,1.06,1.68,1.58,2.1,2.11,1.27,1.34,1.74,0,1.54,1.96,1.51,1.64,1.57,1.7,0.55,1.84,1.85,1.18,1.45,1.54,1.47,1.75,1.18,2.14,1.81,1.56,1.79,1.26,1.77,1.49,1.67,1.43,1.51,0,2,1.26,1.7,1.66,0.06,1.3,1.42,1.62,1.74,1.22,0.6,1.5,1.83,1.74,2.04,1.78,2.03,1.58,1.38,1.52,1.25,1.72,1.5,1.43,1.86,1.35,1.46,1.38,1.92,1.2,1.91,1.98,0.59,1.67,1.74,1.79,1.64,1.78,1.68,1.51,1.65,1.56,1.79,1.42,1.85,1.93,1.2,1.42,1.25,1.83,0.46,1.14,1.26,1.49,0.87,1.76,1.38,1.94,1.02,1.89,1.76,1.59,1.93,1.55004854368932,Dendritic cell,DeconRNASeq
Proliferating NK cell3,10.34,11.03,10.76,10.62,11.12,10.92,10.83,10.71,10.3,10.18,10.83,11.01,10.24,10.92,10.1,10.47,10.16,9.98,10.52,10.71,10.48,10.73,10.75,10.74,10.69,10.8,9.3,10.36,9.75,10.27,10.75,9.83,10.58,9.98,9.48,10.26,10.52,9.96,10.7,9.59,10.85,9.79,10.2,10.39,10.53,10.74,10.6,11.22,10.91,11.07,10.84,10.22,10.55,10.19,11.25,10.24,10.7,10.47,11.08,10.78,10.9,10.81,10.27,9.84,10.98,11.05,10.71,10.62,10.99,10.43,11.03,10.62,10.7,10.6,10.76,10.32,10.86,9.77,9.9,10.57,10.83,10.36,10.55,10.12,10.35,11.31,11.09,10,10.81,9.27,10.66,11.01,10.72,10.97,11.2,11.56,11.24,10.13,11.16,11.07,10.14,10.99,11.18,10.54,10.45,10.76,10.86,11.28,10.29,10.22,10.98,11.02,11.02,10.43,10.5,10.87,7.82,10.56,11.03,8.89,10.49,10.98,11.01,9.91,11.21,10.09,10.5,10.07,10.55,10.79,11.02,10.82,10.64,11.19,10.5,10.79,9.88,10.97,11.23,10.63,10.15,10.82,4.56,11.27,10.4,10.69,11.04,7.57,10.13,10.33,10.03,10.62,10.16,9.46,10.95,9.82,11,10.75,10.83,11.04,10.51,10.67,10.7,10.01,10.8,10.32,10.43,11.04,10.4,10.89,10.34,10.65,10.32,10.65,10.29,9.8,10.88,11.07,10.16,10.99,9.83,11,10.87,10.71,10.67,10.41,10.51,10.76,10.69,10.15,10.76,10.66,9.94,7.82,10.52,10.03,10.89,9.46,10.59,9.99,10.73,10.44,11.13,10.61,11.02,10.21,10.4954854368932,Proliferating NK cell,DeconRNASeq
NK cell3,0,0,0,0,0,0,0,0,0,0,0,0,0,0,0,0,0,0,0,0,0,0,0,0,0,0,0,0,0,0,0,0,0,0,0,0,0,0,0,0,0,0,0,0,0,0,0,0,0,0,0,0,0,0,0,0,0,0,0,0,0,0,0,0,0,0,0,0,0,0,0,0,0,0,0,0,0,0,0,0,0,0,0,0,0,0,0,0,0,0,0,0,0,0,0,0,0,0,0,0,0,0,0,0,0,0,0,0,0,0,0,0,0,0,0,0,0,0,0,0,0,0,0,0,0,0,0,0,0,0,0,0,0,0,0,0,0,0,0,0,0,0,0,0,0,0,0,0,0,0,0,0,0,0,0,0,0,0,0,0,0,0,0,0,0,0,0,0,0,0,0,0,0,0,0,0,0,0,0,0,0,0,0,0,0,0,0,0,0,0,0,0,0,0,0,0,0,0,0,0,0,0,0,0,0,0,0,NK cell,DeconRNASeq
Stellate/Fibroblast3,15.28,14.36,15.16,13.17,14.28,14.12,12.43,15.61,17.28,13.85,13.54,12.59,16.52,14.39,13.74,13.34,14.46,14.92,15.96,13.33,15.88,13.78,13.51,16.2,12.34,14.82,16.04,15.43,14.53,17.33,14.34,13.51,12.83,13.64,15.85,13.8,14.31,15.23,15.45,17.14,12.78,13.83,17.23,15.74,14.76,13.84,14.54,12.19,14.07,14.03,12.7,16.13,14.66,15.61,12.36,15.9,15.25,13.02,12.14,14.84,13.44,11.92,15.16,15.47,14.53,13.43,12.86,15.07,14.66,16.66,12.31,13.77,12.81,13.93,14.38,15.8,13.34,14.95,16.9,15.21,15.07,16.88,15.18,14.28,13.87,12.32,13.74,18.43,13.61,16.34,14.84,12.37,12.99,13.58,12.35,13.79,12.1,17.11,12.09,12.02,14.21,12.36,12.23,13.66,14.72,14.42,12.39,12.12,14.95,14.7,11.92,14.78,14.41,12.72,14.83,14.51,29.43,14.41,14.04,21.86,15.25,11.94,13.75,13.64,12.47,16.02,13.93,16.85,15.07,12.98,12.49,11.72,15.35,12.37,13.79,14.5,15.54,13.72,12.73,16.29,16.32,12.87,29.36,12.48,15.21,13.42,12.46,28.29,15.56,13.75,16.7,15.34,13.99,15.61,12.2,16.92,13.16,15.4,14.17,14.36,15.56,12.78,13.85,16.38,15.39,14.87,14.06,14.15,14.61,12.54,15.63,15.02,14.02,15.43,16.68,13.04,12.32,12.35,16.57,12.41,16.87,12.26,12.11,13.31,14.52,14.75,13.81,15.05,14.56,13.85,14.26,14.02,16.61,25.06,12.53,17.76,12.4,15.03,14.33,16.17,16.75,12.81,13.16,13.58,12.15,15.5,14.5969902912621,Stellate/Fibroblast,DeconRNASeq
Hepatocyte3,4.79,5.92,5.63,4.66,6.29,5.96,4.91,6.99,5.03,4.22,5.03,5.65,5.64,6.42,4.61,4.91,5.02,4,5.89,4.87,5.33,5.19,4.86,6.09,4.92,6.03,4.39,5.28,5.06,6.78,6.17,3.55,4.58,4.52,4.01,4.64,4.66,4.66,6.64,4.83,5.51,4.56,6.2,5.61,5.62,5.66,5.48,5.69,6.34,6.23,5.22,5.56,5.58,5.22,5.48,5.27,5.58,4.88,6.03,5.65,5.37,5.18,4.62,3.45,6.02,5.57,5,5.94,6.34,6.51,5.51,4.85,4.77,5.13,5.71,5.54,5.19,4.62,4.76,6.42,6.21,5.73,5.21,4.16,4.68,5.98,5.59,6.47,4.99,4.27,6.09,5.38,4.99,5.34,5.66,6.91,5.5,5.71,6.02,5.38,4.52,5.26,5.79,4.65,6.11,5.14,5.2,5.94,5.09,4.5,5.44,6.18,5.97,4.69,5.59,6.11,4.97,5.56,6.44,2.66,5.85,5.41,5.93,4.32,5.96,5.19,5.02,5.14,5.98,5.15,5.42,5.48,5.51,5.59,4.79,6.13,4.45,5.57,5.8,9.28,5.1,5.4,1.98,6.04,6.07,5.1,5.54,5.71,5.32,4.32,4.88,6.39,4.09,4.48,5.39,4.8,5.35,6.62,5.83,6.55,5.74,5.21,4.83,5.36,5.77,5,4.63,5.97,5.03,5.71,5.5,5.82,4.84,6.15,5.51,5.11,5.32,5.64,5.68,5.42,5.48,5.38,5.12,4.82,6.01,4.69,4.83,5.83,5.6,4.69,5.59,5.67,5.39,4.9,5.31,5.06,5.35,3.99,5.12,5.21,7.25,4.87,5.56,4.94,5.56,5.06,5.36422330097087,Hepatocyte,DeconRNASeq
Macrophage3,11.42,11.97,11.58,11.39,12.06,11.69,11.42,11.34,10.71,11.23,11.68,11.38,11.2,11.64,10.68,11.48,10.6,10.83,11.73,11.49,11.44,11.53,11.63,12.04,11.17,11.82,9.92,11.21,10.04,10.98,11.5,10.92,11.32,10.47,10.21,10.89,11.5,10.73,11.6,10.37,11.18,10.32,11.39,11.5,11.64,11.47,11.64,11.78,11.59,11.9,11.36,11.19,11.57,11.06,11.82,11.2,12.11,11.24,11.24,11.67,11.81,11.03,11.46,11.04,11.96,11.76,11.29,11.67,11.9,11.4,11.6,11.43,11.43,11.36,11.47,11.37,11.67,11,11.08,11.23,11.25,10.9,11.55,11.36,11.28,11.83,11.8,10.65,11.64,10.17,11.51,11.65,11.38,11.67,11.78,12.35,11.72,11.15,11.52,11.64,11.34,11.58,11.79,11.42,10.99,11.8,11.53,11.73,10.8,11.27,11.4,12,12.05,11,11.72,11.55,9.28,11.33,11.82,9.69,11.32,11.54,11.66,10.15,11.61,11.04,10.82,11.54,11.49,11.39,11.66,10.95,11.68,11.76,11.3,11.42,10.66,11.77,11.85,9.92,11.53,11.35,5.12,11.78,11.35,11.34,11.55,10.51,11.15,11.26,11.28,11.82,11.12,10.1,11.44,11.82,11.74,11.72,11.41,11.95,11.84,11,11.51,10.5,11.94,11.04,11.23,11.91,10.8,11.17,11.41,11.35,11.04,11.39,11.78,9.6,11.35,11.71,11.03,11.46,11.01,11.58,11.39,11.45,11.14,11.37,11.33,11.74,11.47,10.92,11.42,11.08,11.09,9.27,10.88,10.78,11.4,10.68,11.61,10.69,11.51,10.8,11.86,11.49,11.38,11.21,11.2816019417476,Macrophage,DeconRNASeq
BECS3,0,0.08,0.36,0,0.41,0.62,0,1.95,1.56,0,0,0,1.24,1.07,0,0,1.32,0,0.35,0,0.53,0,0,0.32,0,0.51,0.85,0.23,1.02,1.79,1.31,0,0,0,0,0,0,0.19,1.27,1.88,0,1.21,1.4,0.89,0.75,0.61,0.48,0,0.97,0.54,0,1.13,0.65,1.09,0,0.12,0.12,0,0.14,0.25,0,0,0,0,0.33,0,0,0.88,0.6,1.24,0,0,0,0,0.7,0.8,0,1.25,0.09,2.1,1.05,1.42,0.22,0,0,0,0,2.08,0,1.08,1,0,0,0,0,0,0,1.05,0,0,0,0,0,0,1.6,0,0,0,0.98,0,0,0.46,0.26,0,0.62,0.77,0,0.87,1,1.31,1.25,0,0.58,0.11,0,1.22,0,1.38,1.08,0,0,0.1,0.4,0,0,1.03,0,0,0,5.04,0,0,0.37,0,1.73,0,0,3.94,1.61,0,0.37,1.23,0,0,0,0.64,0,1.4,0.48,1,0.82,0,0,0.73,0,0,0,0.29,0.27,0,0.34,1.13,0,1.21,0,0.86,0,0,0.46,0,0.91,0,0,0,1.14,0,0,0.62,0.6,0,0.33,0.72,0.73,1.14,0,1.17,0,0.36,0,0.23,2.01,0,0,0,0,0,0.456310679611651,BECS,DeconRNASeq
T cell3,0,0,0,0,0,0,0,0,0,0,0,0,0,0,0,0,0,0,0,0,0,0,0,0,0,0,0,0,0,0,0,0,0,0,0,0,0,0,0,0,0,0,0,0,0,0,0,0,0,0,0,0,0,0,0,0,0,0,0,0,0,0,0,0,0,0,0,0,0,0,0,0,0,0,0,0,0,0,0,0,0,0,0,0,0,0,0,0,0,0,0,0,0,0,0,0,0,0,0,0,0,0,0,0,0,0,0,0,0,0,0,0,0,0,0,0,0,0,0,0,0,0,0,0,0,0,0,0,0,0,0,0,0,0,0,0,0,0,0,0,0,0,0,0,0,0,0,0,0,0,0,0,0,0,0,0,0,0,0,0,0,0,0,0,0,0,0,0,0,0,0,0,0,0,0,0,0,0,0,0,0,0,0,0,0,0,0,0,0,0,0,0,0,0,0,0,0,0,0,0,0,0,0,0,0,0,0,T cell,DeconRNASeq
Neutrophil3,36.77,35.51,35.34,38.51,35.25,35.16,38.69,32.17,32.71,38.15,37.62,36.97,33.68,33.75,38.21,36.56,35.19,37.01,35.23,37.9,34.69,36.91,37.2,33.91,38.33,35.01,35.83,35.28,36.17,31.93,33.69,37.82,38.51,38.44,37.42,38.3,36.82,36.19,33.54,33.52,37.06,35.95,32.67,34.19,34.88,35.71,35.54,37.33,34.51,35.02,37.63,33.48,35.34,34.79,37.86,35.33,35.56,38.66,36.64,35.28,36.88,38.44,36.91,37.09,35.49,36.44,37.68,34.42,34.12,32.86,37.55,37.77,38.26,36.44,35.44,34.35,37.11,35.34,35.76,32.41,34.49,32.19,35.73,38.24,37.91,36.87,36.54,30.99,37.29,35.17,34.48,37.53,38.01,37.23,37.35,35.22,38.09,33.53,36.68,38.06,37.6,38.06,37.02,37.86,33.71,36.04,38.37,37.08,35.75,37.17,37.88,34.64,34.99,38.22,35.09,34.79,29.51,35.22,34.34,31.26,34.29,38.3,35.55,38.26,36.63,33.36,36.99,33.91,34.52,37.64,37.5,37.9,34.77,37.41,37.75,34.41,37.02,36.44,37.83,25.89,35.87,36.96,26.6,36.42,33.68,37.09,37.45,22.43,34.27,38.18,34.45,33.53,38.54,36.76,37.99,34.23,37.18,32.88,35.41,33.96,34.53,37.5,37.82,34.14,35.59,35.85,38.16,35.42,36.39,36.84,35.02,34.2,38.1,33.63,34.88,37.67,37.62,37.38,33.65,37.59,33.95,37.8,38.4,37.73,34.61,36.9,38.24,34.71,34.78,38.11,36.12,35.9,34.2,30.16,38.51,33.31,37.8,37.52,35.94,35.58,31.32,38.52,36.77,36.91,37.52,36.35,35.8260679611651,Neutrophil,DeconRNASeq
Plasma3,6.42,5.16,5.31,6.62,4.72,4.81,6.4,3.44,4.99,7.08,6.13,5.26,4.54,4.09,6.25,6.03,5.09,6.73,5.64,6.48,5.31,5.67,6.29,5.15,6.15,4.78,6.16,5.6,5.77,2.86,4.27,6.47,6.75,6.64,6.96,6.73,6.68,6.2,3.68,4.74,5.33,5.94,4.85,4.82,4.85,5.17,5.39,5.52,4.25,4.55,5.94,4.85,5.15,5.05,5.88,5.83,5.32,6.33,4.84,5.34,5.51,5.89,6.57,7.2,5.03,5.78,6.02,4.67,4.44,4.68,5.52,6.28,6.3,5.65,5.07,5.03,6.27,5.46,6.4,3.76,4.41,4.5,5.9,7.12,6.42,5.27,5.8,2.85,6.14,6.09,4.5,5.73,5.92,6.22,5.41,4.45,5.82,5.63,4.97,5.9,6.56,5.85,5.42,6.57,4.35,6.05,6.14,5.22,5.24,6.79,5.68,4.82,5.07,6.23,5.04,4.77,3.44,5.07,4.33,6.63,4.61,5.78,4.93,6.53,5.18,5,5.92,4.79,4.56,5.98,5.7,5.57,5.38,5.67,6.69,4.49,6.36,5.71,5.56,0,6.15,5.54,4.86,5,4.27,6.19,5.54,0.93,4.71,6.68,5.6,4.05,7.14,6.05,5.78,5.78,5.94,3.85,4.94,4.2,4.86,5.84,6.43,5.65,5.32,5.71,6.61,5.11,5.74,5.04,5.41,4.68,6.44,4.35,6.06,5.61,5.79,5.44,4.93,5.64,5.18,5.79,6.01,6.56,4.46,6.64,6.32,4.89,5.1,6.25,5.35,5.17,5.22,3.32,5.84,4.8,5.64,7.07,5.98,6.27,2.67,6.03,5.84,6.06,5.56,6.29,5.44504854368932,Plasma,DeconRNASeq
Sorted Myeloid3,0,0.01,0.77,0,0.21,0.78,0,1.73,2.36,0,0,0.66,1.79,1.08,1.25,0.04,2.26,1.29,0,0,1.11,0.32,0,0,0.49,0.61,2.21,0.76,2.96,2.62,1.27,0.57,0,0.93,1.19,0.32,0,1.28,1.47,2.85,0.97,2.53,1.08,1.11,0.96,0.78,0.71,0,1.15,0.8,0.35,1.65,0.86,1.47,0,0.85,0.05,0.07,1.15,0.72,0,0.75,0,0.83,0.4,0,0.34,1.1,0.5,0.77,0.15,0,0,0.71,0.8,1.29,0,2.17,0.41,1.99,1.38,2.12,0.31,0.03,0.04,0.04,0,2.89,0,2.63,1.07,0,0.13,0,0,0,0,0.87,0.59,0,0,0,0,0,2.32,0,0,0.25,1.82,0,0.33,0.22,0.1,0.73,1.05,0.95,5.27,1.21,0.86,3.92,1.32,0,0.76,1.62,0.43,1.83,1.44,1.22,1.12,0.29,0,1.21,0.17,0,0,1.21,1.27,0.16,0,5.79,0.33,0.7,11.43,0.26,1.92,0.33,0.22,8,1.83,0,1.1,1.14,0.19,2.54,0.3,0.32,0,1.16,0.87,0.71,0.73,0.88,0,2.26,0.1,1.08,0,0.34,1.24,1.15,1.08,1.1,0.4,1.3,0,2.69,0.31,0.07,1.7,0.3,1.41,0,0.1,0,1.57,0,0,0.52,0.91,0.67,0.9,1.41,1.44,5.3,0.76,2.21,0.4,1.06,0.62,1.43,1.79,0.87,0,0.22,0.51,0.25,0.922621359223301,Sorted Myeloid,DeconRNASeq
Erythrocyte3,8.39,9.01,8.8,8.51,8.94,9.4,8.98,9.6,8.77,8.97,8.52,9.72,9.01,9.75,8.99,10.24,9.94,8.69,8.47,8.8,8.73,9.1,8.67,8.47,9.55,9.07,9.15,8.98,9.38,9.64,9.97,10.6,9.14,9.39,9.1,8.98,8.58,9.29,9.07,9.12,9.7,10.09,8.67,9.25,9.44,9.61,9.1,9.48,9.61,9.24,9.54,9.21,9.24,9.4,8.68,8.73,8.71,9.23,10.06,8.97,8.91,9.78,8.63,8.3,8.85,9.21,9.46,9.35,9.38,8.81,9.51,8.97,9.02,9.4,9.43,9.25,8.96,9.43,8.55,9.79,9.38,9.34,8.88,8.31,8.9,9.47,8.84,9.58,8.73,9.38,9.48,9.56,9.35,8.43,9.13,8.17,9.01,8.37,10.05,9.38,8.89,9.26,9.63,8.62,9.83,8.44,9.13,9.49,9.3,9.06,9.82,9.05,9,9.49,9.17,9.22,7.94,9.48,9.52,7.73,9.6,9.43,9.36,9.61,9.6,9.23,9.12,8.99,9.46,9,9.42,10.11,9.1,9.23,8.72,9.53,9.01,8.93,8.29,11.02,8.35,9.58,11.67,9.66,9.35,8.9,9.53,8.13,9.58,9.01,8.94,9.34,8.34,8.89,9.47,8.57,8.92,9.36,9.57,9.44,8.75,9.67,8.19,8.06,8.38,9.09,8.72,9.13,9.36,9.94,8.72,9.56,8.79,9.47,8.04,10.43,9.72,9.56,8.6,9.43,8.83,9.42,9.47,8.73,9.7,8.7,8.43,9.22,9.47,9.04,8.9,9.51,8.66,8.33,9.48,8.93,9.44,9.21,8.5,8.07,9.67,9.53,8.85,9.21,9.59,8.61,9.15878640776699,Erythrocyte,DeconRNASeq
Endothelial/Kuppfer3,0,0,0,0,0,0,0,0,0,0,0,0,0,0,0,0,0,0,0,0,0,0,0,0,0,0,0,0,0,0,0,0,0,0,0,0,0,0,0,0,0,0,0,0,0,0,0,0,0,0,0,0,0,0,0,0,0,0,0,0,0,0,0,0,0,0,0,0,0,0,0,0,0,0,0,0,0,0,0,0,0,0,0,0,0,0,0,0,0,0,0,0,0,0,0,0,0,0,0,0,0,0,0,0,0,0,0,0,0,0,0,0,0,0,0,0,0,0,0,0,0,0,0,0,0,0,0,0,0,0,0,0,0,0,0,0,0,0,0,0,0,0,0,0,0,0,0,0,0,0,0,0,0,0,0,0,0,0,0,0,0,0,0,0,0,0,0,0,0,0,0,0,0,0,0,0,0,0,0,0,0,0,0,0,0,0,0,0,0,0,0,0,0,0,0,0,0,0,0,0,0,0,0,0,0,0,0,Endothelial/Kuppfer,DeconRNASeq
others3,0,0,0,0,0,0,0,0,0,0,0,0,0,0,0,0,0,0,0,0,0,0,0,0,0,0,0,0,0,0,0,0,0,0,0,0,0,0,0,0,0,0,0,0,0,0,0,0,0,0,0,0,0,0,0,0,0,0,0,0,0,0,0,0,0,0,0,0,0,0,0,0,0,0,0,0,0,0,0,0,0,0,0,0,0,0,0,0,0,0,0,0,0,0,0,0,0,0,0,0,0,0,0,0,0,0,0,0,0,0,0,0,0,0,0,0,0,0,0,0,0,0,0,0,0,0,0,0,0,0,0,0,0,0,0,0,0,0,0,0,0,0,0,0,0,0,0,0,0,0,0,0,0,0,0,0,0,0,0,0,0,0,0,0,0,0,0,0,0,0,0,0,0,0,0,0,0,0,0,0,0,0,0,0,0,0,0,0,0,0,0,0,0,0,0,0,0,0,0,0,0,0,0,0,0,0,0,others,DeconRNASeq
